"ProjectKey","ID","Description"
"125259","1133234","La Plata County On Call Services/Contract Approved 4.24.24"
"128273","1133559","SJLCI San Juan Lateral Environmental)-CO#1"
"136330","1134409","Tuba City Western Navajo Fairgrounds EA"
"137104","1134495","Borrego Pass Christian Church EA"
"139691","1134794","1833 South 2nd Street Gallup Phase I ESA"
"140218","1134851","Maverik Flora Vista Asbestos Survey"
"141650","1135011","Paradigm Design Wetland Survey"
"111286","1232010","MDG 1014 Paseo del Pueblo Sur ESA"
"129728","1233694","Carollo City of Santa Fe Water Sampling"
"137309","1234517","Otak SFRT7 Env Services"
"137314","1234518","DFA HPCC Fire Project Management"
"137565","1234549","TPG Airport Road"
"138589","1234675","EMNRD On-Call Env and Cultural Resource"
"139704","1234796","BDA Poeh Cultural Center"
"140096","1234836","Otak SFJT Bio Report"
"140513","1234852","DOT On-Call Hazardous Waste Investigations"
"140382","1234876","Capulin MDWCA Water Imp Enviro NEPA"
"140507","1234888","Pojoaque Residential Dev EA"
"141807","1235036","William Cole Co La Posada Santa Fe Phase I ESA"
"20913","1319873","Petro Stopping Center #385"
"70332","1326935","OFI Deming Plant"
"71022","1327066","BNSF Railyard ERM West Inc."
"112610","1332166","NMED Columbus Ph II"
"113224","1332248","CLC Env Svcs 2023"
"115571","1332502","Evergreen Mobile Park DP"
"119258","1332916","IMTT Terminal Alamo Sampling"
"128180","1333550","Pueblo de Cochiti Bldg Exp"
"128707","1333600","Valkyrie RHST EIS"
"129432","1333667","Bagwell HAFB Well Replacement"
"129636","1333683","LCPW Cheyenne Senior Activity Ctr"
"130243","1333738","BHI Ft Bayard W Infrastructure Design"
"132282","1333956","CESO Environmental Svcs"
"132424","1333975","SRS Trace Dye Monitoring HAFB"
"134380","1334199","Steinborn 900 S Telshor ESA"
"135651","1334317","VoR Hydrogeo W Supply and Rights Consult Svcs"
"135754","1334331","Sanco Oil Release Rapid Response"
"135878","1334344","Nu Way Laundry and Cleaners"
"136297","1334406","Mirador Holloman Well Replacement"
"136381","1334416","Standard Solar Bent Bow"
"136652","1334440","1725 Marquess St"
"137437","1334532","505 Venture Dr ESA 2025"
"137659","1334562","Borderplex Environmental Permitting"
"138960","1334722","CESO Loves Alamogordo Env"
"139228","1334751","Grant Co Well PA and Install"
"140476","1334885","705 W Palms ESA"
"141482","1334992","Teton Village EV CatEx"
"141635","1335009","Hachita Food Mart"
"141858","1335043","1840 N Main ESA"
"141884","1335045","500 S White Sands Ph II"
"44879","1422947","Grants WWTP Groundwater Monitoring"
"60062","1425427","St. Bonaventure Indian Mission Smith Lake Well Oversight"
"64756","1426103","Santa Fe Opera Groundwater Monitoring Services"
"86731","1429076","Western Refining Sandoval County P1 ESA"
"102361","1431020","Cannabis Marketing"
"105181","1431352","108 Dale Ave. GW Monitoring"
"105508","1431387","Intel Corp SPCC Updates"
"106374","1431488","Richmond Vista Montebella Phase 1 ESA"
"110275","1431891","American Pride Cleaners"
"114857","1432432","Bern Co 3900 Vassar NE Phase 1 & 2"
"123173","1433015","Laguna Pueblo K’awaika School Demo"
"131244","1433838","Bern Co 5411 Jefferson St Phase I and II"
"131572","1433879","VanAmberg 2 Parcels Sandoval County ESA Phase I"
"132408","1433970","RYM 401 2nd Street SW Phase I ESA"
"132605","1433990","Sandoval County Section 32 and 36 Env. Services"
"133517","1434095","DC Env Lovelace"
"133576","1434102","BOR San Acacia Phase I ESA"
"135465","1434292","Sandoval Cty Senior Living Ctr Well Inspection"
"136665","1434442","Pivot Energy Community Solar Projects"
"136971","1434478","NMSP Statewide Vault Toilet Assessment"
"137067","1434492","Reveal Concepts McKinley ESA"
"137189","1434504","PAP Crystal Sampling"
"137264","1434511","Bern Co 111 Union Square Phase II"
"137458","1434534","Bank of SW Elephant Butte Phase I ESA"
"137478","1434538","Castelion Sandoval Cty"
"137544","1434546","Sendero Landfill Gas Investigation Review"
"138827","1434704","Vandagriff Caballo Phase I"
"139254","1434754","TotalEnergies Renewables Community Solar Project"
"139513","1434774","Santo Domingo 17 Acres Pena Blanca Phase I ESA"
"140162","1434842","Navitas Global Portales Ethanol Plant"
"140172","1434844","D and H Maverik Station Gallup"
"140427","1434879","Alpha SW Well Design and Support"
"140566","1434893","Sandoval County Geo Hydro Svcs 2025"
"140674","1434907","AMAFCA On-Call Stormwater Quality Env Eng"
"141472","1434984","Kairos Power SPCC"
"142079","1435069","Taos Pueblo Three Phase I ESAs"
"130365","1533745","City of Cortez Brownfield Grant"
"134218","1534179","APEX Waste Solutions"
"138039","1534610","CESO Buena Vista Natural Resource Survey"
"139313","1534760","645 McDaniel Blvd Canon City Phase I ESA"
"140527","1534873","UMUT Rodeo Drive Phase 1 ESA"
"140546","1534891","600 State Street Cortez Remediation"
"138054","1934612","Oljatoh Biological MG8 2024"
"538","1a0","Farmington Admin"
"90745","1A29514","El Paso Cnty Env On Call 2020"
"99315","1A30652","El Paso Co MS4 Sampling"
"115124","1A32454","EPC 1620 Paseo del Convento"
"129087","1A33636","CEP Mold Survey 4001 E Paisano"
"130017","1A33716","EPC SPCCs 2024"
"130566","1A33769","CEP 2024 On Call Environmental Svcs"
"135031","1A34258","CEP AC Theater Asbestos"
"136486","1A34424","CEP Old Bonham Elementary"
"136763","1A34456","EPIA 2025 Environmental On Call SOQ"
"138723","1A34691","EPIA NASA Hangar"
"139410","1A34763","CEP 220 S Stanton Mold Assessment"
"141077","1A34948","EPIA Terminal Asbestos Survey"
"141382","1A34981","EPW On Call Environmental 2025"
"141513","1A34999","RVBF Methane Investigation"
"118476","1B32859","HH Portales 6 Sites ESA"
"131884","1B33897","6475 Seven Rivers Hwy"
"136949","1B34467","Natera Pine Evaporative Lagoon DP Supt"
"137286","1B34515","Sustany Capital Development Project"
"141581","1B34989","Bank of SW Roswell Phase 1 ESAs"
"141666","1B35014","CoR N Atkinson Bridge Replacement"
"38317","1BL0","General Environmental"
"119625","1C32939","Lovington WWTF Support"
"126704","1C33379","Lydian Energy Solar Project"
"137166","1C34498","2400 W Bender Road Adjoining"
"137199","1C34501","3311 Industrial Drive"
"141247","1C34970","VIA N Bensing Road ESA"
"141242","1C34971","VIA Hobbs 13 Acres"
"141237","1C34972","VIA NM 18 ESA"
"53292","1D24278","A1 Organics"
"53764","1D24298","Carestream Health Colorado"
"53443","1D24329","Jefferson Cty Pine Gulch Remediation"
"53974","1D24430","Jefferson Cty Facilities On-Call Water Quality Testing Services"
"94911","1D30119","Forest Springs Subdvn"
"134363","1D34196","CESO Steamboat Hayden"
"140304","1D34867","102 S Utah Ave Roswell Phase I ESA"
"125999","1E33300","7315 and 7403 Norris Road ESA"
"126709","1E33378","Brewer Constructors  Carlsbad"
"138003","1E34601","Hatch Resources"
"138608","1E34678","Intrepid Potash Environmental Audit"
"141796","1E35033","3608 National Parks Hwy Carlsbad Phase I"
"141976","1E35054","CoC Tract 37 and 38 Phase 1 Site Assessment"
"101569","2130906","Perez North Ranch Coves"
"106906","2131521","NECA N35 Sweetwater"
"109846","2131830","NECA Hopi Moenkopi Well"
"111000","2131987","SJLCI San Juan Lateral Survey"
"111593","2132050","Chi ChilTah School DB"
"115226","2132467","Frame Subdivision Plat"
"115468","2132494","Core WRUSD Athletic Fields"
"115883","2132531","Arrowhead Cove Transfer Sites"
"118118","2132792","AECOM FMNT Dam"
"124065","2133117","Cherokee Fed Crystal Boarding School"
"124570","2133165","AECOM SJC Road 4990"
"126677","2133372","Envirocon Church Rock Mine"
"127272","2133442","FNF Dennehotso N6461-6460"
"127457","2133460","Carson-Burnham Water Staking"
"127670","2133485","Clawson Naschitti Tank"
"127844","2133501","FNF Blanco Bridge Replacement"
"127849","2133502","Overland Dulce ALTA"
"128896","2133618","Overland Yeh-Ta-Hey ALTA"
"130142","2133726","Cillessen Gateway Staking"
"131127","2133825","Meridian Zuni Airport"
"131968","2133920","Hasse SJC Bridge 8111"
"131973","2133921","Hasse SJC Bridge 3121"
"132848","2134034","Navarro Corner Location"
"132903","2134039","Leaf Durango Staking"
"133091","2134055","Montelores Many Farms HS"
"134498","2134210","GHD TW 701 Pipeline Dgo CO"
"134695","2134234","NECA N5001 Toadlena"
"135039","2134253","WSP St George Aerial Control"
"135455","2134291","NECA NDOT N12 Wheatfields"
"135896","2134346","Via Aztec TSC ALTA"
"135920","2134352","Arrowhead Cove Mesa V TCRA"
"136810","2134460","WM Spruce Ave Boundary"
"137487","2134540","CoD Alta Artaic Group"
"137744","2134571","Paradigm ALTA Surveys"
"137841","2134585","NDOT N13 Rehab Staking"
"137845","2134586","NMDOT CN 6100932 McKinley"
"138087","2134617","Southern Building Company Construction Surveying"
"138419","2134653","Bakkenson Boundary Survey"
"138537","2134667","Hircock Lot Split Survey"
"138558","2134670","Meridian Azotea Portal"
"138677","2134685","NMSP Navajo Lake Topos"
"138777","2134698","AquaSurvey APS Plant Surveys"
"138848","2134708","4X San Juan Landfill Ph 5B1"
"138966","2134727","IDS Burnham Chapter Topo"
"139927","2134824","GCNM Gallup Boundary Survey"
"140036","2134831","NMSP Navajo Lake Topos Mesa Staff Housing"
"140331","2134870","DJOE IHS Helipads AZ"
"140453","2134883","Overland Concho AZ ALTA"
"140705","2134913","AIC On-Call Surveying Services"
"140751","2134917","AECOM RV Park MW Survey"
"140755","2134918","Stantec Gas Com 2025"
"140790","2134923","Bloomfield Schools Topo Survey"
"140939","2134935","NGWSP Intake Staking"
"140969","2134939","SEMA SR 377 Staking"
"141001","2134941","Cillessen Gateway Staking Ph 3"
"141033","2134943","SJ Water Building Staking"
"141253","2134973","Aztec TSC Staking"
"141258","2134974","Farmers Ditch Staking"
"141399","2134986","K-H McKinley Bridge Surveys"
"141478","2134994","Harrison ILR"
"141504","2134997","FHWA Heron El Vado Roads"
"141518","2135000","Enterprise C-11 Monitoring Well Survey"
"141658","2135013","NMDOT CN6101640 NM 118 McKinley"
"141742","2135026","Toth Shiprock OReillys"
"141779","2135031","Mask Lot Split"
"141792","2135034","Core Kayenta Center"
"141922","2135047","McCain ALTA Farmington"
"141950","2135050","SJRMC 401 Auburn ALTA and Phase 1"
"141954","2135051","SJRMC 744 Animas ALTA and Phase 1"
"141980","2135055","Enterprise Monitor Well Survey for Bisti Receiver Tanks"
"142029","2135061","NGSWP Intake Plant"
"142140","2135079","Core Holbrook Gym"
"88670","2229347","NMCI CN 5100461 Rio Arriba"
"93558","2229952","NMCI CN5100460 NM 68"
"109875","2231836","Otak SF Co. Rail Trail Segment 6"
"116733","2232622","HP LANL TA63 PCOC-1"
"126245","2233322","Nichols Dam Outlet Works Rehab Construction Staking"
"126328","2233332","SunShare Community Solar Projects"
"127696","2233487","Tekin Beckner Rd Staking"
"127991","2233522","Galloway Walmart Espanola 2656"
"129511","2233677","TALA LANL TA15 ProtoStar"
"132256","2233954","TALA TA 48 Neighborhood Utilities"
"135299","2234284","NMGSD Bataan Blvd Surveys"
"139215","2234749","FNF SFC Avenida del Sur Staking"
"141680","2235017","Bahti 33 Cresta Pequena Survey"
"68672","2326674","Hensley Boundary Survey Animas"
"84821","2328789","WSP NMISC Surveys"
"91269","2329612","Trujillo Boundary Survey Winston"
"97987","2330508","Smithco On Call Projects"
"102282","2331007","Smithco LRGPWWA Mesquite Brazito WW Ph 2"
"110269","2331887","DHR AZER Summit Yard"
"113072","2332228","CLC Survey Services 2023"
"113355","2332260","CESO W Mesa Industrial Pk ALTA"
"113841","2332302","CESO Loves T or C"
"114124","2332352","Dutch Bros Valley ALTA"
"116458","2332595","Whitehead BFE Determination"
"116519","2332604","AECOM Ruidoso Dams"
"117349","2332682","Rymarc DTRA Concrete Batch Plant"
"118399","2332815","Smithco Mimbres WL Staking"
"122622","2332944","EDF NM Renewables"
"124903","2333201","Logisticus North Separ Rd Parcels"
"126844","2333396","Montoya Topo"
"126831","2333400","MSCI CN1101841R US180"
"127403","2333457","DEI Quantities"
"127801","2333493","WSP Lake Abiquiu Monitoring"
"129603","2333518","Chaves COE"
"128344","2333546","Zia Shadows Elevation Permits"
"128551","2333584","Evergreen WSMR NBTF"
"129100","2333632","CESO T or C EC"
"130546","2333768","Overland San Lorenzo ALTA"
"131256","2333840","AECOM ADF SW Survey"
"131354","2333854","MSCI CN 1102160 I25 Sierra"
"131413","2333859","ME NMDOT CN2104740"
"131695","2333892","KEG Las Cruces Pvmt"
"131746","2333900","Smithco Chaparral WW Collection"
"131791","2333902","Madrid Ave Extension"
"132861","2334015","Westland Discount Tire"
"132721","2334016","CESO Loves Alamogordo"
"133156","2334053","ME East Mesa Rec Ph 2"
"133150","2334058","Popeyes Deming ALTA Update"
"133396","2334086","NMDOT CN 1101900 I-10"
"133636","2334107","Evergreen WSMR AS"
"133783","2334128","West Point Historic Roads"
"133870","2334135","Hunt Hanger Construction"
"133875","2334137","Sites SW Alamo Park"
"133902","2334147","Overland Holman and Jasper"
"134109","2334164","South Valley Boundary"
"134434","2334202","Moberly Wall Survey"
"134492","2334209","Galloway Artesia Walmart 3427"
"134936","2334236","MAT Road Project SR4"
"135668","2334298","Overland T or C DG ALTA Survey"
"135569","2334307","Colonias Water Lordsburg"
"136691","2334441","Smithco Alamo Health Center Water WW"
"136857","2334462","Overland La Reina Road"
"137331","2334519","MSCI Hatch Runway Recon"
"137619","2334555","CJR REnewables Dvlpmnt Project"
"137654","2334563","Borderplex Topo ALTA Survey"
"138023","2334588","Sierra Blanca Airport Boundary"
"138495","2334662","Aleut White Sands VC"
"138532","2334666","VoR 143 Paradise Canyon"
"138742","2334682","Smithco S Central Williamsburg FM"
"138937","2334723","Grant Co Ridge Road"
"139195","2334728","Aerostar Site Surveys WSMR"
"139057","2334731","Sizzling Platter ALTA"
"139031","2334732","Vital Spaceport Hanger"
"139303","2334752","Endurance Tech ALTA"
"139590","2334781","Cliff Schools Site Survey"
"139675","2334792","7B Dev Circle K Deming"
"139783","2334804","Colcon Loves 1045 Const Survey"
"139797","2334808","Cliff School Survey"
"140066","2334833","KH Stack NM Project Miner"
"140270","2334859","NMDOT CN E100321/E100322 NM 213 NM 404"
"140309","2334868","Hasse CN 2104860 US70"
"140318","2334869","NMDOT CN 2104334 NM128"
"140428","2334875","Redfearn 2240 E Lohman Boundary"
"140741","2334908","Smithco RGW RV Resort"
"140716","2334915","AECOM NASA Road Topo Survey"
"140821","2334925","Ignite Alto ALTA"
"140826","2334926","Industrial Ave Grade Separation"
"140956","2334934","BCC Circle K Socorro"
"141134","2334956","NMDOT CN LC00384 I25 Dona Ana"
"141413","2334985","MSCI Las Cruces Airport Recon"
"141607","2334996","Carlos Aguirre Flood Control"
"141639","2335006","KH Mountain View Topo"
"141709","2335021","Smithco San Miguel Acequia Pipe"
"141704","2335022","Smithco Tyrone Water System"
"141773","2335030","Salopek ALTA Update"
"141812","2335040","Parkway Hatch Maverik Staking"
"142004","2335058","NMDOT CN 1102320 I25 Sierra"
"142009","2335059","NMDOT CN 1102330 I25 Sierra"
"142014","2335060","NMDOT CN 2105030 US54 Otero"
"90225","2429480","AECOM Peterson Dam"
"101459","2430893","IME UAS Processing"
"106148","2431460","AHA ALTA Surveys"
"107093","2431540","HP LANL TA15 FITL"
"108422","2431670","Otak Fenton Lake"
"109290","2431760","Pacificap Sedona West Apts"
"115557","2432498","SmithCo Pojoaque BRWS BP 33-010 & 33-020 Staking"
"122689","2432959","HP LANL TA15 ProtoStar"
"124663","2433170","HP LANL TA55 WECF"
"124721","2433181","HP LANL TA55 EEVA"
"124732","2433183","HP LANL TA55 W Vehicle Access"
"127893","2433510","NECA Tseiiahi Waterline Staking"
"128232","2433554","LANL TA-03 Sigma Storage Building Staking"
"129007","2433630","NextEra Star Light Solar Site"
"130195","2433735","Pavilion Sandoval Flats Apartments Staking"
"130764","2433793","NMDOT On-Call Survey 2024"
"131390","2433858","Digs LANL WECF Survey"
"131459","2433867","HP SNL 1014 Power Sources Capability Staking"
"131995","2433925","FNF CN 1102180 I-25 Socorro"
"132833","2434032","MSCI CN 4100860 I-40 Guadalupe"
"133354","2434080","SHA Fenton Lake Easement"
"135258","2434277","TOB Well 3 Site Improvements Staking"
"135702","2434322","WT Target ABQ West Construction Staking"
"135990","2434362","Delta LA Airport"
"136276","2434403","MSCI Bar Y Road"
"136334","2434411","AECOM Santa Fe AASF Monitoring Wells"
"136577","2434433","Hasse NMDOT CN 6100764 NM124 Road Diet"
"136627","2434436","FNF CN 61001001 NM 6 Bridge"
"136917","2434469","Rymarc Middle Ponil Creek Fish Barrier Staking"
"136939","2434473","Via Los Lunas ALTA"
"137292","2434513","Otak SFRT7 Surveying Services"
"137428","2434529","TALA LANL TA55 WECF Survey"
"137491","2434542","Vital Sunport Concrete"
"137569","2434548","Otak SFRT Segments 1-6 ROW Update"
"137605","2434554","Via Moriarty TSC ALTA"
"138108","2434623","Nova Probst EPCU LANL"
"138500","2434661","Digs TA 48 Neighborhood Utilities"
"138773","2434697","Starkey US70 Boundary and Topo Survey"
"139136","2434744","RI SNL PSC Utility Layout"
"139221","2434750","AMAFCA On-Call Survey 2025"
"139249","2434753","KH NW Gallup Water and Sewer Surveys"
"139380","2434764","Otak NM14 Trail Surveying Services"
"139456","2434769","AECOM McClure Reservoir Staking"
"139460","2434770","AECOM Las Vegas Ditches"
"139534","2434777","Lumen As-Builts Sept 2025"
"139767","2434806","Otak AHT Seg 1"
"140206","2434849","Via Espanola TSC ALTA"
"140210","2434850","RC Mora County EMS Building"
"140253","2434857","AECOM Bradner Reservoir Topo Surveys"
"140491","2434887","RRPS Puesta del Sol Elementary Survey"
"140647","2434905","DEA Tecolote UPRR Siding"
"140760","2434919","KH McKinley County RCE Surveys"
"140917","2434930","Vital Rio Rancho Topo"
"141206","2434965","Overland Rio Rancho Loma CO ALTA"
"141525","2434998","KH CFA 2274 Wyoming Blvd NE ALTA Survey"
"141539","2435002","AECOM AMAFCA Guac-Amole Dam"
"141561","2435003","San I Library Survey"
"141784","2435032","Don Diego Road Staking"
"141820","2435038","Parkway Rio Comm Maverik Staking"
"141824","2435039","AECOM Buckman Diversion"
"141993","2435057","IDS Torreon Chapter Survey"
"142033","2435062","NMSP Conchas Lake SP Boundary"
"142129","2435077","Via SW Albuquerque ALTA"
"142159","2435082","Lobo Crossing Retail"
"142163","2435083","Uptown Connect"
"123673","2533073","Leaf Dolores ALTA & Staking"
"128682","2533597","Parkway Cortez Maverik"
"128747","2533603","Horrocks UMUT Housing Surveys"
"129308","2533657","UES UTUM Geotech Surveys"
"131223","2533836","FPAI Kwiyagat Acad Towaoc"
"134899","2534252","UMUT Parks Survey"
"141088","2534951","WCA UMUT C49 Waterline"
"109809","2631825","EAA Moab Alco Site"
"91307","2729621","NextEra Storey Solar Site"
"106589","2731503","Cliff Ranch RV Park"
"113602","2732283","Torch Clean Energy Pivot Site"
"117477","2732706","Gates Boundary Survey"
"123260","2733025","SLR ROW Mapping"
"129748","2733679","Torch Arivaca Site"
"131167","2733814","SCHA Scattered Home Sites"
"132028","2733930","TON PIR 31 Rts 20 and 31"
"133413","2734089","PBC Marriott Suites Thatcher"
"135099","2734263","GEI Cibecue Creek Survey"
"135330","2734285","WCA BIA Route 1"
"136240","2734398","Williams Boundary Survey Pima"
"138631","2734680","Triumphant Learning Ctr Boundary"
"140931","2734931","Spencer Charco 27 WL Staking"
"141231","2734967","DEA El Mirage Auto Facility Survey"
"141863","2735042","Overland Pima Co AZ ALTA"
"118568","2832837","HDR Ph II Clifton Roads"
"122742","2832966","HDR Ph III Clifton Roads"
"123564","2833018","HDR Kinikin Rd Realignment"
"125930","2833296","GVT Grand Junction"
"126897","2833408","CESO Price UT ALTA"
"128976","2833626","Mesa Co ECDC As Built"
"129460","2833671","Harvey Find and Flag"
"130012","2833715","RockSol Montrose Bore Loc Survey"
"130262","2833740","GHD Survey of Mont Wells La Sal UT"
"131310","2833849","WSP USA Utah Drone Surveys"
"132952","2834044","CESO Wells NV ALTA"
"134333","2834190","CESO Steamboat CO"
"138583","2834673","McDonough Law Group ISP Fruita CO 3 Sites"
"1346","2A0","Santa Fe Admin"
"102917","2A31086","AECOM Fabens SUP"
"112338","2A32135","Stephens Western Properties TX"
"117676","2A32730","AECOM Tornillo SUP"
"127334","2A33449","AECOM Alamo Alto P3 SUP"
"127350","2A33450","AECOM HAC 7 Basin A"
"127492","2A33465","AECOM Ysleta POE Crossing"
"128592","2A33589","AECOM CAN 1 Arroyo Survey"
"129697","2A33689","Ft Bliss Railyard Improvements"
"130334","2A33748","FMI 7000 North Loop ALTA"
"131700","2A33893","KEG MountRiver Trail"
"133543","2A34072","Granite Fort Bliss Storage"
"133681","2A34114","AECOM Buffalo Soldier Rd Survey SUE"
"136635","2A34437","DEA El Paso Intermodal Survey"
"136944","2A34470","Granite El Paso Airport Ramp"
"137078","2A34494","AECOM El Paso Border Surveys"
"137513","2A34543","EPW On Call Surveying Svcs"
"137722","2A34559","CESO San Antonio"
"137774","2A34574","CESO Uvalde ALTA WRT2 Pivot"
"137769","2A34575","CESO Laredo ALTA WTX6 Pivot II"
"138512","2A34664","TIC Gaines Co Gen Plant"
"138802","2A34696","ASUS FBWSC Survey 2025"
"139123","2A34741","AECOM Sun Valley Survey"
"140746","2A34910","EPW On Call Surveying Svcs 2025 to 2028"
"128471","2B33576","Leprino Staking"
"129904","2B33707","NMDOT CN2100714 US 380 Roswell"
"132986","2B34043","CESO Roswell ALTA"
"137933","2B34600","MSCI Roswell Air Center"
"138221","2B34634","KEG City of Roswell Lift Station"
"139695","2B34784","ENMMC Topographic Survey"
"140517","2B34889","Overland DG S Main E Brasher Roswell"
"38364","2BL0","Geomatics TS Admin"
"50598","2C23797","NWP Carlsbad Survey Services"
"109815","2C31826","Lea Co On Call Survey Svcs"
"125713","2C33277","Martinez Replat"
"133401","2C34087","NMDOT CN 2104830 NM18"
"139317","2C34759","VIA Real Estate Hobbs Spears Dr"
"139682","2C34791","PESI Navajo Dr Hobbs ALTA"
"141654","2C35012","URENCO Topo Survey"
"141676","2C35016","Via Hobbs Suerte ALTA"
"53325","2D24289","Clean Harbors (Colorado) Deer Trail"
"53327","2D24290","Clean Harbors (Nebraska)"
"96655","2D30338","Call Winter Park Condo Map"
"100635","2D30796","Hasan 11619 W 17th Ave Site TOPO"
"100784","2D30810","Brocato 2720 N St Paul St ILS"
"101165","2D30842","Jalisco Arapahoe Rd Bridge"
"101303","2D30862","Burton 16548 Red Rock Ln TOPO"
"101854","2D30945","Dublin Devlp 2504 Zenobia St Topo"
"101864","2D30947","Vertix Builders The View Castle Rock"
"103645","2D31172","Olgoonik Nist Bldg 1 Ldg Dock"
"104371","2D31269","Alvarado W 3rd Ave Sewer Staking"
"104697","2D31310","Olgoonik Sand Creek Trl"
"108401","2D31668","Confluence 3444 S Emerson"
"111198","2D32008","Lobato I70 Bridges"
"111465","2D32041","Sky Blue A-Basin Ave New Sidewalk"
"112374","2D32141","Layton NSMC New Build"
"112646","2D32172","JBI BAFB AF LTG"
"113884","2D32321","Infinity Properties Navajo Apts"
"116781","2D32631","May Bndy Survey Byers"
"116786","2D32632","Linnebur Sec 28 Subdivision"
"116987","2D32656","ESI Sycamore II Aurora"
"117743","2D32740","Olgoonik NTIA T-22 New Bldg"
"117830","2D32752","Mtn Plain Homes 21549 Trappers Trail"
"118965","2D32880","TCR Northglenn Site Dvlp"
"118989","2D32882","AP Const The Gallery at Ft Collins"
"119142","2D32902","Sky Blue BAFB Repair Rds Base Wide"
"119171","2D32907","Crumm 422 Elbert St Condo Maps"
"119281","2D32922","TCR Alexan Pena Station"
"122887","2D32986","Mtn Plain Homes 32795 Legacy Ridge St"
"122969","2D32995","ESI Rex Meridian Intersection"
"123339","2D33034","ESI Monarch Blvd"
"123463","2D33053","HCG Guardrail Replcmnt CDOT"
"123964","2D33106","Jalisco Dry Creek Rd Widening"
"124054","2D33115","Dischler 4817 S Franklin LLC and Bulk Plane"
"124477","2D33152","Sosa Minor Subdvn 967 - 973 Lupine Street"
"125030","2D33219","Bijou Grading Inc Rampart LS"
"126077","2D33311","Griffin 2615 W 90th Ave Elevation TOPO"
"126341","2D33336","ESI Brighton Battery Farm"
"126351","2D33338","Thrive Health Services Condo"
"126384","2D33341","Olgoonik BX Curb Gutter Rplcmnt"
"126881","2D33405","JKS Ind Coors Plant Settlement"
"126907","2D33410","Hasan 129 Galapego St"
"126917","2D33412","Sojka 777 Broadway ALTA"
"127161","2D33435","Reed 2001 S Dahlia St Alta"
"127522","2D33467","Dougherty Land 1645 Osceola St"
"127871","2D33508","Sky Blue Demo Lake Williams and Dam"
"127909","2D33513","Sky Blue CRWU 23-1012 Base Wide Pl Striping"
"128023","2D33525","Lennox Hill 1283 Lamar ALTA"
"128137","2D33542","Linnebur Sec 6 T4s R59w Bndy Survey 80 Acres"
"128249","2D33556","HCG Const Fed Raised Median"
"128645","2D33595","Herman 18850 CR 49 ISP"
"128670","2D33596","All Recycling Equip LO"
"129318","2D33658","May 150 AC Bndry Survey"
"129389","2D33665","May Subdvn 400 AC S33 T3s R61w"
"129703","2D33693","264 S Gilpin LLC ILC"
"129715","2D33696","Zimmerman 21373 Colonist"
"130002","2D33714","Paul Hastings LLP Clinton Alta Update"
"130060","2D33721","Epic Estates 16 Sec 2 Survey"
"130071","2D33722","Dougherty 4595 N Raleigh St"
"130273","2D33741","Dublin 2511 S Columbine St"
"130345","2D33750","Jouvenal 4028 Perry St ISP"
"130350","2D33751","Ramsey Lot ISP Sec 16-T6s-R70w"
"130596","2D33775","Wagner Cobble Water Tank Staking"
"130630","2D33777","ESI Overlook AST Spring Creek"
"130664","2D33779","Defined By Design 255 Sherman St"
"130699","2D33783","RTS Pocket Park Trail"
"131092","2D33821","Lifehouse Rez Const"
"131289","2D33847","Linnebur Monastery Stk"
"131284","2D33848","Laing Sec 25 T4s R64w Subdvn"
"131653","2D33890","AvalonBay Cmty Parker Multi-Family"
"131786","2D33906","Vertikalco Erie Townhomes"
"131848","2D33911","Made Ventures LLC 1385 S Washington St"
"132023","2D33931","CESO Sterling SUE"
"132067","2D33935","Bagel 345 Acoma St ISP"
"132116","2D33942","Bijou Hytek RV and Boat Stor"
"132178","2D33951","Walcheski ILC and Grading Cert"
"132317","2D33965","AP Const Pace Prkg Gar"
"132392","2D33971","Bunny Hill Prop 4500 Stuart St ISP"
"132413","2D33973","Osborn 2094 Flintwood Rd"
"132516","2D33981","Made Ventures LLC 169 S Humboldt St"
"132522","2D33982","Woodhouse Const 434 CR 16 5 ISP"
"132528","2D33983","Aspen Visionary Devlpmnt Subdvn"
"132572","2D33991","Bijou Grading Inc Kiowa Rd Stk"
"132644","2D34000","Dougherty Land 1680 S Madison St"
"132673","2D34004","Mtn Plain Homes 22801 Indian Head Rd"
"132747","2D34019","ESI Plum Creek Waterline"
"132769","2D34023","Artisan Homes 2444 S Williams New Const"
"132779","2D34025","Olgoonik Corrosion Cntl Facility"
"132811","2D34029","Gilfillan Lot Reconfiguration"
"132932","2D34041","Shelbourn Enterprises 2600 Main Civil LO"
"133011","2D34050","Mtn Plain Homes 3952 Ridge Creek Trl"
"133299","2D34073","Woodhouse Const 154 Grove St"
"133349","2D34079","JKS Ind Coors Ditch Regrade"
"133581","2D34104","Kelley 15205 W 32nd Ave Esmnt Revsn"
"133601","2D34108","Sojka 3275 Prairie Ave ALTA"
"133690","2D34117","Jalisco Potomac Bridge"
"133812","2D34138","ESI Dawson Tr Waterline"
"133817","2D34139","Niebur Devlpmnt Quail Motor Club Condo"
"133822","2D34140","Panhandle Power Solutions LLC Prairie Center ALTA"
"133842","2D34144","Brocato 1234 N Downing St"
"134011","2D34157","Jalisco SH 7 Airport Rd"
"134683","2D34232","ESI Hilltop Road"
"134894","2D34251","AP Const Colfax and Corona"
"134943","2D34255","MMH 12838-12808 Piano Meadows Topo"
"134948","2D34256","Hasan 457-469 S Lincoln St"
"135002","2D34259","Jacobson 21904 Shady Ln Topo"
"135007","2D34260","Brocato 2029 Gray St"
"135064","2D34266","JVA Burlington WWTP"
"135269","2D34280","Shared Vision 711 S Columbine St"
"135287","2D34283","Denver Dirt Works Murphy Creek Trl"
"135598","2D34314","Osborn 1126 S Columbine St"
"135765","2D34333","Sky Blue BAFB Repair Rds Base Wide Clin 3-6"
"135889","2D34345","Hammer Hero LLC Sweet Ridge Hse Stk"
"135985","2D34361","ERM Ellinwood KS Well Loc"
"136090","2D34380","Osborn 2575 Rustlers Canyon Loop"
"136100","2D34381","North Point 746 Jasmine Street ISP"
"136122","2D34383","Wu 330 Third St Condo Map"
"136172","2D34388","Erickson 6651 W Portland Pl"
"136376","2D34415","Asher Arch Eleven Mile Resvr Topo and Bndy"
"136395","2D34417","Mtn Plain Homes 15618 W 76th Dr New Const"
"136596","2D34434","Triunity CDOT Utility on Call"
"136645","2D34439","DEA Pueblo Test Track"
"136706","2D34449","Living Stones 926 N Lipan St"
"136994","2D34482","Linnebur Sec 6 Subdvn"
"136999","2D34483","McCauley Sec 24 Lot Bndy"
"137004","2D34484","Solongo Turtogtokh 1539 S Sherman St"
"137019","2D34487","North Point LLC 734 Leyden St"
"137024","2D34488","Naranjo Civil Lemon Gulch Layout"
"137029","2D34489","MMH 43 Vigilante Ave Sitework"
"137034","2D34490","Shelbourn Enterprises 6232 Beach St"
"137247","2D34508","North Point LLC 7012 E 4th Ave"
"137276","2D34514","Dougherty Land 243 S Emerson LO"
"137415","2D34528","Defined By Design 3427 W 24th Ave"
"137432","2D34531","Legacy Spaces 4015 E 18th Ave Setback"
"137796","2D34579","ESI Beacon Lite Rd"
"138030","2D34608","North Point Const LLC 431 Poplar"
"138096","2D34621","JVA Lamar WWTP"
"138146","2D34626","Olgoonik Adal Lift Station"
"138151","2D34627","Olgoonik Replace Front Switch"
"138156","2D34628","Olgoonik Gas Dist System"
"138371","2D34646","Bauer 6451 Crestbrook Dr"
"138409","2D34651","Warner 3250 O Neal Circle"
"138426","2D34654","DCP Ward LLC Castle Rock Replat"
"138458","2D34658","Navpoint Condo Map 18801 E Main St"
"138463","2D34659","WSP Foothills Landfill Cell QA-QC"
"138713","2D34692","Hasan 1068 S Corona St"
"138787","2D34700","Reed Gilpin Co House Stake"
"138868","2D34712","Jenkins 1200-1230 Lot Reconfiguration"
"138942","2D34725","Webster Lamartine Mining Claim Stake"
"138947","2D34726","Dahl 37 Castle Pines North"
"139037","2D34733","Shelbourn Enterprises 7390 S Fraser St Unit D"
"139095","2D34736","Denver Dirt Works Broomfield PL Impvmnts"
"139105","2D34737","Linnebur Sec 17 Subdvn"
"139110","2D34738","Linnebur S one half Sec 2 Subdvn"
"139267","2D34756","Blend Builders 4200 S Wash St Fndn"
"139439","2D34767","Greek Orthodox Chapel TOPO"
"139570","2D34778","Shelbourn 7003 E 17th Ave"
"139575","2D34779","Aga 1630 E Jewell Ave"
"139838","2D34811","Longhill 2031 Meade St New Build"
"139851","2D34814","JKS Ind Coors PL Topo"
"139863","2D34815","North Point Const LLC 214 Newport St"
"139868","2D34816","Osborn 2833 St Hwy 67 Core Esmnt"
"140027","2D34830","Reed I-25 and Evans ILC Multiple Parcels"
"140083","2D34835","Tyree 346 Alps Mountain Road"
"140091","2D34837","North Point Const LLC 460 Olive St"
"140104","2D34841","Eldred Lost Creek Dairy"
"140201","2D34848","Desibl Studio 3033 37th Ave ISP"
"140407","2D34878","Waterton Road Staking"
"140521","2D34890","ESI 20th St Sidewalk"
"140581","2D34898","Hugo and Co LLC 3075 Quay St ISP"
"140601","2D34900","Digrappa 5700 S Steele St ILC"
"140611","2D34902","Legacy Spaces 4129 Kalamath St Setback"
"140621","2D34903","Jaft Development Lot 13b-1 Alta"
"140663","2D34909","AP Const Laredo Middle School"
"140692","2D34911","Folwell 6101 W 32nd Ave ISP"
"140836","2D34928","Hasan 4500 Stuart St Staking"
"140945","2D34936","Newman 7571 Meade Way LSP"
"141045","2D34944","Olgoonik Aspen Way Mill Fill"
"141050","2D34945","MMH Dick Mtn Lot Lines"
"141070","2D34949","AP Const Lloyd New Bldg"
"141145","2D34957","North Point Const LLC 210 Oneida St"
"141150","2D34958","Bickhard 30900 Hwy 72 Site Imprvmnts"
"141263","2D34976","Laing Sec 12 T4s R65w Lot Bndy"
"141323","2D34979","ESI 9th Street Imprvmnts"
"141423","2D34988","Denver Dirt Works Sand Creek Trail"
"141694","2D35020","Vertikalco Longmont Garage"
"141720","2D35023","GSE Plum Creek Reuse"
"141725","2D35024","Oppscat Excavation Site Control"
"141757","2D35028","Olgoonik 6th Ave Gate Revisions"
"142074","2D35070","ESI Toll Angeline Utility AB"
"142110","2D35075","Sandra Cunningham 535 545 Columbine St"
"126746","2E33380","Living Desert Nature Park RFP"
"126751","2E33381","Living Desert Nature Park RFP 2"
"132343","2E33966","Cascades Avenue Topo"
"135647","2E34316","VIA 1110 West Pierce Street"
"138854","2E34710","Carlsbad Terminal PCCP"
"141198","2E34964","Carlston Ranch Tract 6 ALTA"
"26694","3115886","NICO - Graves #3  1721 E. 20th"
"25414","3120453","NICO - Miller St. Bulk Plant"
"616","3122139","NICO - Graves #1  Butler & Main"
"42846","3122671","NICO - MMSA Graves #9"
"55279","3124572","Thriftway - TW220 Phase 3,4 &5"
"79216","3128249","NMDOT Farmington Patrol Yd"
"1120","3216134","Ortiz Gulf"
"72267","3227226","Old Trail Garage"
"112942","3232213","Ross Oil Springer Bulk Plant"
"114461","3232389","Brewer San Pedro Food Mart"
"114465","3232390","Brewer Espanola Shell"
"114473","3232394","Brewer Super Stop Shell"
"700","3300077","Ritter Highway Texaco"
"27435","3300119","QVS Mobile Homes"
"1333","3300177","R.C. Sanders Trucking"
"1188","3300242","Porter's Mesilla 66"
"1374","3300349","Sharp Oil La Mesa Chevron"
"27432","3300350","Dona Ana County Transportation Dept."
"1396","3300354","Snappy Mart #19"
"1621","3300382","Westside Texaco"
"1372","3300384","Sharp Oil Border Cowboy"
"648","3300559","Halliburton Services Artesia"
"1519","3300729","Town & Country Lovington #125"
"61","3300766","AB Garage"
"1520","3300979","Town & Country Roswell #140"
"952","3312332","Martinez 66"
"28419","3312355","Brewer Self Serve #6"
"1375","3312362","Sharp Oil Midtown Chevron"
"1378","3312422","Sharp Oil Hatch Bulk Plant"
"578","3312610","Fuel Center Plus 1"
"165","3312633","Big Chief"
"27892","3312649","Evans Texaco"
"178","3313313","Boldt Property Alvarez Garage"
"1377","3313442","Sharp Oil Criswell Grocery"
"533","3313457","Fairacres Post Office"
"1371","3313905","Sharp Oil Boone Transportation"
"280","3313978","Cliff's Exxon"
"813","3314213","Jennings Site"
"64732","3315520","Quik Shop Lordsburg"
"28264","3316791","Sharp Oil North Main Self Serve"
"864","3317179","La Mesa Mercantile 2"
"1187","3317904","Porter Oil - Deming Bulk Plant"
"137","3319130","B&H Oil Co Dixie Truckstop"
"27907","3320829","Victory Self-Serve Mini-Mart"
"35320","3321673","NMED ER Hatch Exxon"
"35671","3321726","Porter Oil - Bayard Bulk Plant"
"38256","3322108","Porter Oil - Las Cruces Bulk Plant"
"44067","3322817","Hillger Triangle Conoco"
"47842","3323407","NMED Morris Oil"
"68206","3326601","Eagle Grocery"
"78524","3328149","Pats Bermuda Triangle"
"78527","3328150","TA Las Cruces Travel Center"
"86597","3329057","Scotts Auto Sales"
"96707","3330344","Snappy Mart 206"
"110541","3331923","Snappy Mart Chevron 210"
"110585","3331928","Snappy Mart Chevron 205"
"112264","3332131","NMED Capitan Mart"
"114147","3332354","CLC 1501 E Hadley PST"
"114551","3332395","Brewer US 70 West"
"114556","3332396","Brewer La Mesa Mercantile"
"114561","3332397","Brewer Midtown Shell"
"122979","3332994","CLC Boutz Lift Station"
"123198","3333009","Snappy Mart Chevron 204"
"123193","3333010","Snappy Mart Chevron 209"
"136975","3334480","Mimbres Food Mart"
"1295","3413864","Russell's One Stop, Inc."
"1547","3414212","Tucumcari Vehicle Maintenance Yard"
"1243","3416020","Rigdon Texaco Site"
"27556","3417533","Valencia County Yard"
"21951","3420016","Ross Oil Texaco Bulk Plant Las Vegas"
"25929","3420531","Gilliam Property PST Site"
"26843","3420670","Former Skychief Texaco"
"34549","3421566","Exxon El Centro/Circle K UST Release Site 2012"
"45066","3422965","Deadman's Curve UST Release Site ATEX #218"
"45068","3422966","Lee & Blakely UST Release Site"
"46423","3423176","Santa Fe Ave - Nimitz PST site"
"47601","3423371","East Command Center UST Release Site"
"48072","3423447","Roadrunner Cafe UST Site"
"48777","3423555","Conoco Mini Mart Svc Sta, Chama, NM"
"51592","3423987","S&J Service Station"
"68403","3426622","Fairview Station PST State Lead"
"86649","3429063","Cunico Tire Raton"
"95784","3430224","Grants Vacant Lot Site"
"109989","3431850","Black Gold State Lead PST Site"
"112809","3432192","The Pit Stop 2023"
"112854","3432198","Bar F #31 2023"
"112858","3432199","Kokoman Liquor 2023"
"112862","3432200","Gas & Save 2 2023"
"114469","3432391","Brewer Albuquerque Bulk Plant"
"117603","3432721","Bern County 2400 Broadway Release Site"
"119176","3432908","Metzger Mobile White Rock"
"127291","3433445","APS Student Transp Main Release Site"
"139603","3434782","NRAO VLA MSA"
"877","3a0","Las Cruces Admin"
"99817","3B30698","CoR Pecos Trails Transit"
"114502","3B32383","Brewer Roswell Self Serve No 1"
"114507","3B32384","Brewer Roswell Bulk Plant"
"114517","3B32386","Brewer Allsups 268"
"114546","3B32393","Brewer Hagerman Allsups"
"38404","3BL0","PST"
"112191","3E32122","ETC Sunoco Stripes 5051"
"114200","3E32361","Brewer South Y Card Lock"
"114492","3E32381","Brewer Carlsbad Self Serve 1"
"114497","3E32382","Brewer Carlsbad Self Serve 3"
"114512","3E32385","Brewer La Huerta Allsups"
"114522","3E32387","Brewer Western Way"
"114536","3E32388","Brewer Westside Shell"
"114541","3E32392","Brewer Hermosa Card System"
"116035","3E32548","Brewer Hermosa Chevron"
"84934","4228799","Santa Fe County Agua Fria Landfill Monitoring"
"93018","4229854","Las Vegas Transfer Station Expansion"
"94756","4230067","City of Las Vegas Solid Waste Facility Engineering Services"
"99059","4230627","Taos Regional Landfill 2021"
"128954","4233622","City of Santa Fe SFSWMA Environmental Consulting Svcs"
"130759","4233792","Los Alamos County SW Permitting"
"132731","4234017","Santa Fe City of Landfill Monitoring 2024"
"137356","4234522","Taos Regional Landfill O&M 2025"
"137716","4234569","CoLV Solid Waste Eng Svcs On Call 2025"
"138562","4234671","NCSWA Transfer Station Permit"
"138831","4234705","Mora Cty Landfill 2025"
"139724","4234798","Las Vegas Landfill Env Mon"
"140769","4234921","Taos Regional Landfill Eng and Env Services"
"140913","4234929","Taos Recycle and Composting Facility"
"912","4313278","Lordsburg LF Monitoring"
"1539","4318089","Tri-City LF SWB Support"
"446","4318481","Deming SW Old Landfill"
"695","4318853","Hidalgo Animas Landfill"
"60490","4325489","OGT Landfill Sampling 2016"
"60496","4325513","Dog Canyon LF Sampling 2016"
"60502","4325514","Capitan LF Sampling 2016"
"69560","4326806","OGT FA and Leachate Monitoring"
"126625","4333365","OGT Cell 6"
"137504","4334545","GSWA Transfer Sta Permit Renewal"
"43707","4422745","Roswell Municipal Landfill Services"
"48976","4423583","Valencia County Landfill."
"93750","4429985","Universal Waste Systems Transfer Station"
"98545","4430570","Roswell Municipal Landfill FY2022"
"110855","4431970","UWS Conejo Transfer Station"
"128185","4433551","Zuni Pueblo Solid Waste Complex"
"131066","4433819","UWS Ruidoso"
"132686","4434007","COA Solid Waste Transfer Station"
"135212","4434271","Sandoval County Landfill Eng Services 2025"
"135248","4434275","Sandoval County Landfill Ops Eval and Plan"
"97","4a0","Albuquerque Admin"
"135218","4B34270","JnH RML Flood Repair"
"141612","4B35004","City of Artesia Solid Waste Permitting"
"38441","4BL0","Solid Waste"
"139708","4C34783","Lea Co SWA On Call LF Eng Svcs 2025"
"53425","4D24312","Grand County General Services"
"53427","4D24313","Gunnison County"
"53699","4D24381","Twin Landfill Milner"
"53702","4D24382","Twin Landfill Phantom"
"62335","4D25803","Eagle County LF"
"70563","4D26963","RSI Sand Creek Landfill"
"70556","4D26964","BNSF ERM Sand Creek Landfill"
"70532","4D26966","BNSF ERM BN #6"
"73516","4D27425","Town of Springfield LF"
"92947","4D29845","LABC C and D LF CQA Svcs"
"94369","4D30049","Rio Blanco County Landfills"
"95122","4D30147","Jefferson Co Rooney Rd LF OM"
"106359","4D31486","Mustang Land Devl LF Siting"
"126440","4D33346","Jackson Cnty SW Eng Svcs"
"133973","4D34155","Rooney Rd LF Soccer Field"
"140557","4D34894","Mesa County SW Env Eng 2025"
"141935","4D35048","Delta County S Valley Expansion LF"
"127986","4E33521","Eddy Co Landfill Design 2024"
"111965","5132097","SB JFJ Landfarm Closure Plan"
"126302","5133329","Enterprise WY SPCC Plans"
"130161","5133727","ExxonMobil Black Canyon SPCC Plan"
"132660","5134003","Devon FMO MSA 2024-25"
"133141","5134060","Enterprise 2025 BGT Water Sampling"
"133145","5134061","Enterprise 2025 MSA Farmington"
"140285","5134863","OCD PetroMex Kirtland 14 No 001"
"140289","5134864","OCD Petro Kirtland Mex 18 No 001"
"140293","5134865","OCD PetroMex TRS EVI No 001"
"142019","5135063","Enterprise 2026 MSA Farmington"
"142026","5135064","Enterprise 2026 BGT Water Sampling"
"126699","5233375","Chevron Questa Mine"
"19845","5319780","R-Qubed Mesquite General Services"
"21459","5319957","R-Qubed WWTP Design"
"22226","5320048","R-Qubed GWQB Permit Assistance"
"22228","5320049","R-Qubed AQB Permit Assistance"
"22651","5320093","R-Qubed NMDOT Permit Assistance"
"30755","5321132","Reynolds R-Qubed Dona Ana WWTP"
"122664","5332956","FMI Rouque Garcia 2023"
"136814","5334461","FMI Confidential Land Exchange"
"139920","5334821","FMI Arrey"
"140109","5334838","FMI Harrington Ranch"
"140374","5334874","FMI 2025 13 Parcel Colateral Properties"
"134549","5534219","GCC Energy Inspections"
"139634","5534785","Basin Coop SPCC Recertification"
"19475","5a0","Cortez Admin"
"126418","5A33326","TDK Energy Cactus JBS"
"73449","5B27415","KOLB Bioenergy Design and Construction Observation"
"38503","5BL0","Nat Resources Mgmt"
"57791","5D25045","ExxonMobil McGinnis Pit GW Sampling"
"57794","5D25046","ExxonMobil LaBarge ShuteCreek LF"
"137819","5D34576","ExxonMobil Shute Creek SPCC Updates 2025"
"129764","5E33699","Matador 2024 MSA"
"132308","5E33961","PWS Sandpoint Facility"
"133133","5E34059","Devon MSA 2025"
"141909","5E35046","Enterprise TX SPCC Plans"
"82476","6128405","Pendaries RV Park Pressure"
"85519","6128889","UMUT WM Detention Time PER & ER"
"85522","6128890","UMUT Towaoc Septic Connection PER & ER"
"85525","6128891","UMUT Cortez-Towaoc Watermain Design"
"98849","6130603","Flora Vista Water Distribution Project"
"108438","6131673","COA & CES South Aztec Water System Improvements"
"112354","6132138","Cuba Sewer Bridge Crossing"
"112507","6132153","UMUT IHS Towaoc WDSI Al-22-C49"
"112925","6132211","NM Water Pinon Hills Morningstar WL"
"114695","6132414","Lybrook MDWCA Water System Improvements Phase II"
"128189","6133552","Yahtahey WWTP PER"
"130407","6133758","City of Aztec LCRR"
"132707","6134012","COF 30th Street Waterline Replacement"
"139501","6134773","Lumberton MDWCA Water System Improvements"
"141495","6134995","NMWS Morningstar Booster Station Design"
"41114","6222449","La Cueva MDWCA PER"
"41989","6222566","Asset Management Program Develop & Marketing"
"42952","6222679","Cuatro Villas Regional Waterline Phase IV"
"54872","6224512","Agua Pura Water System Improvements Project"
"55316","6224587","Taos WWTF Operations"
"66845","6226379","Regina MDWCA Water System Improvements"
"68451","6226630","Rodarte MDWCA PER Update"
"73254","6227401","Chapelle MDWCA Water System Design"
"75535","6227742","Taos Pueblo On-Call Services"
"75896","6227784","Las Vegas WWTP Operations"
"75898","6227785","Las Vegas WTP Operations"
"81671","6228196","Gallatin Support Services"
"84422","6228719","PSI WW System Improvements"
"85428","6228871","Rio Chiquito MDWCA"
"86168","6229002","Ojo Caliente MDWCA Water System Improvements"
"90812","6229523","San Antonito Elem WWTP"
"91692","6229660","Rio Lucio MDWCA Water System Distribution"
"92637","6229815","MESD CES O&M Services"
"94740","6230096","Santa Rosa CES Technical Services"
"96259","6230280","Penasco MDWCA Water PER"
"96650","6230337","City of Espanola SR76 Sewer Line"
"97440","6230441","CoEspanola OC Riverside WL and SAS"
"97445","6230442","CoEspanola OC Prince 2 Carter Ranch Well"
"97450","6230443","CoEspanola OC N Prince Sanitary Sewer"
"97481","6230445","CoEspanola OC WWTP Design Mods"
"98595","6230574","Santa Clara Guachupangue Water"
"100457","6230769","Santa Clara Pueblo WW System Impr. So. Service Area Expansion"
"104818","6231329","CES Santa Fe County Operations Assistance"
"105194","6231354","Los Alamos Barranca Tower Tank No 2 Rehabt"
"107621","6231592","El Creston MDWCA AMP"
"108782","6231707","Las Vegas Valencia Lift Station Rehab"
"112122","6232117","Pena Blanca Waterline Replacement"
"112133","6232119","Regina MDWCA Naranjo Creek WL"
"112557","6232161","Vadito Water System Improvements"
"112752","6232184","CoLV Water Distrib Sys Eng Svcs 2023"
"112909","6232208","Santa Clara Pueblo 4 Corners W WW Treatment"
"114109","6232350","Clayton LCRR Service Line Inventory"
"115022","6232444","CoLV Eng Serv for Sewer Projects 2023"
"116830","6232636","Santa Fe Cty OSHARA Off Site Utilities Const"
"116974","6232654","Pendaries AMP"
"117212","6232673","CoEspanola Tank Rehab"
"117518","6232713","Des Moines PER"
"122954","6232992","Mora Co Water Alliance PER"
"123034","6233000","Puerto de Luna Agua Negra Waterline Extension"
"123120","6233007","Lower Arroyo Hondo PERs"
"123377","6233038","City of Las Vegas LCRR"
"123385","6233039","Los Alamos Cty Overlook Park Irrigation Strainer"
"123612","6233067","Pojoaque WW Improvements"
"123711","6233076","Truchas MDWCA W WW System Improvements"
"123849","6233090","Taos Wastewater Improvements"
"124688","6233175","Santa Clara Village Rehab"
"125502","6233256","Taos Water Engineering Improvements"
"126981","6233418","Pendaries MDWCA Water System Improvements"
"127329","6233448","Buena Vista MDWCA WSI 2024"
"128629","6233592","Santa Rosa CES Waterline Replacement"
"129304","6233656","Pojoaque Water System Improvements"
"129394","6233666","Santa Clara Riverside Water Project"
"129646","6233686","Mora Water Supply Well"
"130690","6233782","Sauter Sewerline"
"132968","6234046","Espanola Wastewater AO Engineering"
"133587","6234105","HarwoodPierpont Oppenheimer Ranch PBU"
"134038","6234161","Union del Llano AMP"
"134083","6234166","Agua Pura MDWCA Existing Tank"
"136301","6234407","East Pecos MDWCA WL Extension"
"136308","6234408","MEA Operations"
"137855","6234589","Rio Arriba County CES O&M Services"
"137859","6234590","CoE NM 68 Reconstruction Utility Relocation"
"137920","6234596","CoLV WW Systems Eng Svc 2025"
"138699","6234689","COLV 7th Street Waterline"
"138704","6234690","COLV Hot Springs Blvd Waterline"
"139013","6234729","Lopez Water and Sewer"
"139119","6234740","Penasco MDWCA Water Operations"
"139332","6234761","Rio Embudo Water System Improvements"
"139584","6234780","Chapelle MDWCA WSI Infil Gallery Rehab"
"139900","6234819","SFC Chupadero Water System and Roadwork Improvements"
"140339","6234872","Rio Chiquito Well Plugging"
"140975","6234940","La Jicarita DWA WSI"
"141129","6234955","La Cueva MDWCA Well Pump Installation"
"141289","6234977","Gabaldon MDWCA Water Supply Improvements"
"141530","6235001","Los Alamos County Tank Maintenance Project"
"59731","6325367","Casa de Oro Force Main"
"62376","6325800","Vista Del Rey MDWCA"
"69335","6326768","Apache Point Observatory Water System Improvements"
"74660","6327539","LRGPWWA South Valley Service Area Line Extensions"
"84079","6328665","Quemado Lakes Water System Improvement"
"85580","6328901","CLC Zone 1 Interconnect Ph B Project 2"
"87553","6329184","LRGPWWA Permitting Assistance"
"95518","6330199","Ruidoso Pinecliff Water and Sewer"
"96676","6330341","Cedar Creek COA Well Project"
"96671","6330342","Alpine Village Sanitation District Well"
"97313","6330420","NMT Playas TRC W WW Support"
"97673","6330465","Alto Lakes WSD Support Svcs"
"98062","6330506","La Luz MDWCA Water Proj 2021"
"102292","6331008","VoR Water Resource Eng"
"103063","6331098","Town of Hagerman Gen Svcs"
"103155","6331102","Garfield MDWCA Percha Well Design"
"105383","6331372","AWSD Desert Aire Waterline Ext"
"105517","6331389","CPWA Water Sys Replmt"
"107345","6331566","La Luz MDWCA 2022 WL Extensions"
"108432","6331672","Garfield MDWCA Flouride Treatment"
"108584","6331681","VoR PRV Rehab Project"
"108835","6331714","Pineywood Est Water Association"
"109065","6331730","Enchanted Forest MDWCA Water Imprv"
"109184","6331744","Rosedale MDWCA W System Imprv"
"110162","6331875","La Luz MDWCA Well 3 Replc"
"110386","6331901","LRGPWWA Valle del Rio Tmt Project"
"111032","6331975","VoR Generator Project"
"111171","6332003","Intrepid Potash NMOSE Support"
"111404","6332033","NV5 MEA Water Sys Supt"
"111548","6332045","La Luz MDWCA Water Project 2023"
"113524","6332275","Canyon Hills WUA Permit Assist"
"114883","6332424","Sky Country Estates MDWWCA Imprv"
"115846","6332526","NM Water On Call Services"
"116371","6332586","VoR High Lp Water Sys Imprv Project"
"116442","6332594","VoR Alto Res Imprv Phase I"
"118356","6332807","VoR Upper Canyon Diversion Rehab"
"122812","6332977","LRGPWWA Hwy 189 WL Ext"
"124917","6333206","Nogal MDWCA W Sys Improv"
"124956","6333213","CLC Utilities Eng 2024"
"128858","6333613","ToM Water Tank and Well Project"
"129278","6333654","LRGPWWA Stern WL Rplcmnt 2024"
"130855","6333799","TDK Energy Kluthe Dodge NE"
"130983","6333811","Garfield LCRR"
"131899","6333915","Ruidoso LCRR"
"132062","6333933","VoR WW Improvements"
"132583","6333992","Village of Capitan WWTF Imprv"
"133266","6334068","LRGPWWA High Valley Water Repl Project"
"133381","6334085","San Antonio MDWCA Meter Replacement"
"133614","6334110","VoR WWTP UV Replacement"
"134439","6334200","Lake Roberts WUA W Sys Imprv"
"134475","6334207","Bonita Park W System Imprv"
"135432","6334288","NMT EMRTC Evaporative Lagoon CAP"
"136980","6334479","Garfield MDWC MSWA Water 2025"
"137073","6334493","Quemado LWA Water System Improv"
"137420","6334530","VoR Ranier Sewer Extension"
"137442","6334533","Tresco WW Sampling"
"137495","6334541","Leasburg MDWCA On Call Eng"
"137672","6334564","VoR Wingfield 2 Water Sys Imprv"
"138543","6334668","VoR Country Club Sewer"
"138737","6334686","VoR FEMA WL Replacement"
"138970","6334724","HAFB Boles Water Line Compound"
"139080","6334735","San Antonio MDWCA W Sys PER"
"139391","6334765","Enchanted Forest MDWCA Suppl Tank"
"140180","6334845","VoR Water Conservation Plan"
"140726","6334916","Twin Wells RV Park Water System"
"141489","6334993","CPWA Tank Farm Project"
"141699","6335019","Mesilla CIF Well 1 Rehab"
"141843","6335041","Cedar Creek W System Improvements"
"142151","6335081","Cedar Crest DG Well Design"
"70094","6426895","Tesuque Pueblo WW Expansion"
"83145","6428502","ABCWUA On Call"
"95314","6430174","Sile MDWCA Water System Improv"
"97321","6430421","Santa Ana Well 5 Arsenic Treatment"
"98028","6430513","Cuba Water and Sewer Sys Imp"
"102213","6430996","CoRR Unser Blvd Waterline REPL"
"102479","6431029","Capulin MDWCA Water System Improv"
"105044","6431344","Jemez Pueblo Water System Imprv Ph II"
"108818","6431711","CoP WL Improvements"
"109239","6431751","Sena WSI"
"110340","6431897","NMOSE Prof Eng Services 2022"
"110726","6431950","Cuba La Loma Tank"
"111270","6432019","Mora Wastewater System Improvements"
"112037","6432107","Sandoval County Fire 41 Placitas Tank Project"
"113871","6432319","Canon MDWCA WSI"
"115265","6432471","Laguna On-Call"
"116945","6432649","Sierra Vista WSI"
"117065","6432663","CoRR Lariat Road Waterline Replacement"
"117879","6432759","NECA NA-22-LX4 District 7 Hydraulic Analysis"
"117918","6432765","NECA NA-22-XX2 Cameron Gray Mountain Extension"
"117923","6432766","NECA NA-22-XX4 Birdsprings Remote Extension"
"117928","6432767","NECA NA-22-LX1 Cameron West Extension Phase 2"
"117962","6432771","NECA NA-22-LY5 Teesto Mountainside Extension"
"117967","6432772","NECA NA-22-LY2 Kayenta West Skeleton Mesa Extension"
"117972","6432773","NECA NA-22-LX3 Birdsprings South Extension"
"117982","6432774","NECA NA-22-LY1 Singer Waterline Extension"
"118729","6432857","NECA NA 22 LN8 Shiprock 491 N WL Ext"
"123146","6433011","La Joya MDWCA WSI"
"126377","6433340","Paa-Ko Sewer System Improvements"
"126849","6433401","San Luis-Cabezon MDWCA Design"
"127550","6433468","Corrales Elementary Water System"
"128790","6433608","NECA NA-21-XV6 Ramah Pinehill Water System Evaluation"
"131114","6433824","ABCWUA 2024 On-Call"
"131383","6433857","CoC Flumes Forcemain"
"131537","6433875","NECA NA-23-MA9 Greasewood Springs Scattered Extensions"
"134193","6434175","Quixote Albuquerque Support Facility"
"137872","6434592","Sandoval County Senior Center PWS Assistance"
"137876","6434593","Sandoval County Senior Center Water System Improvements"
"137880","6434594","Sandoval County Placitas Senior Center Emergency Disinfection"
"137929","6434599","Menaul School Sewer Improvements"
"138178","6434632","Sandoval County Placitas Library OPS FY25-26"
"138211","6434639","Ramah RNUA Water Systems"
"139258","6434755","Paradise Rd Development Waterline"
"139464","6434768","Santo Domingo Pueblo Main Village Trunk Sewer Ph2"
"140190","6434846","Sierra Vista MDA Tank Farm Improvements"
"141282","6434969","UNM Water and WW Support Services"
"141672","6435015","Plaza Blanca Water System Improvements"
"141762","6435029","City of Santa Rosa WWTP Improvements"
"142038","6435066","Union Del Llano Meter Upgrades"
"87477","6529175","LPWWA Waterline Extension PER and ER"
"101134","6530836","Dove Creek Raw Water Reservoir"
"123607","6533066","UMUT Towaoc WWTF Upgrades"
"124290","6533139","UMUT Cortez Towaoc Phase 2 PER"
"131627","6533885","CSD Wwtr Sys Improv"
"132678","6534005","UMUT EPIC White Mesa WW Lagoon Feasibility Study"
"132682","6534006","UMUT EPIC Towaoc Disinfection Feasibility Study"
"132802","6534028","UMUT West Water Community Development"
"133744","6534126","UMUT Industrial Water Supply"
"135358","6534287","Dove Creek First Weber Subd Utilities Design"
"135829","6534338","Dove Creek Drinking Water EO"
"135978","6534359","UMUT Sweetwater Feasbility Study"
"137240","6534507","UMUT Cortez Towaoc Ph 2 IHS EPA Const"
"138398","6534649","Dove Creek WWTP DSV"
"138883","6534716","CESO 15990 Tanya St Sterling Water and Sewer"
"139115","6534739","CESO Project Gateway Onsite Wastewater"
"139272","6534757","UMUT White Mesa Tank Access Road"
"139647","6534787","UMUT Towaoc Supportive Housing"
"140606","6534901","UMUT City of Cortez Raw Water Line PER"
"141175","6534960","CSD Oak St Sewer Main Replacement"
"141180","6534962","CSD Plant Recycle Project"
"141225","6534966","UMUT Water WW Audit"
"133552","6634100","UMUT Blanding to White Mesa Waterline"
"123300","6733029","CIPP Liner Design Svcs Supt"
"1395","6915707","Smith Lake"
"31738","6921244","Canoncito/To'hajiilee Water Supply"
"32326","6921307","NGWSP Reach 24.1, 25 & 26"
"33343","6921433","JAN - Cutter Inter-tie"
"35575","6921712","Cutter Lateral Phases 6f and 6g"
"39858","6922268","NGWSP Reach 10.1/2/3"
"40647","6922392","STEM Scholarship Program"
"44474","6922883","Baca Prewitt Water System Improvements"
"51978","6924054","San Juan Lateral Connection Plans"
"56638","6924837","Chichiltah Water"
"74798","6927604","Dig Deep-Navajo Mt. Wells Feasibility"
"76340","6927866","NGWSP Reach 12.3"
"83181","6928511","Mt. Powell SCADA"
"84324","6928709","Lybrook MDWCA System Improvements"
"85624","6928904","NGWSP Sanostee Chapter Connection"
"86150","6928995","NGWSP Sheep Springs Chapter Connection"
"86153","6928996","NGWSP Rock Springs Chapter Connection"
"86156","6928997","NGWSP Naschitti Chapter Connection"
"86159","6928998","NGWSP Newcomb and Two Grey Hills Chapter Connection"
"86182","6929003","NGWSP Tohatchi and Mexican Springs Chapter Connection"
"90111","6929471","NN Sand Springs Waterline"
"92433","6929786","Tohatchi East Flats Individual Wells"
"93568","6929954","NNMP NECA Bluff Road"
"94997","6930132","Tse Daa Kaan 2021 Scattered Waterlines"
"106942","6931524","NN 371 Regional Water Supply"
"108462","6931677","Standing Rock Waterlines"
"108621","6931688","Lake Valley Individual Wells Project"
"109594","6931801","Coyote Canyon Waterlines"
"110833","6931965","Ramah-Pinehill Water"
"111421","6932036","NTUA Cutter Additional Services"
"115402","6932490","White Rock Lake Valley Extension of BBN9"
"116099","6932560","Kayenta El Capitan North Extension"
"117873","6932758","NECA Oljato-Train Rock Supply"
"119622","6932940","Reach 14.2 (Gallup to Iyanbito)"
"125494","6933254","PSI WW Treatment Ph3"
"129495","6933676","NECA Pine Springs Well Project"
"136004","6934365","Iyanbito Water Improvements Project"
"136737","6934454","NGWSP Rock Ridge and Mitten Rock Connection"
"137910","6934595","Thoreau Travel Ctr and Hotel W WW Feasibility Study"
"138043","6934611","NECA MG8 Oljatoh Halchita WL Ext"
"139915","6934823","NECA On Call 2026 to 2030"
"140074","6934834","Cutter 6F Waterline Replacement"
"113776","6A32308","EPW Construction Mgmt"
"123188","6A33017","EPE Newman Plant WL Rplcmnt"
"131426","6A33862","On Call JT Hickerson WWTP RPR"
"131431","6A33863","On-Call Haskell St WWTP RPR"
"131643","6A33888","EPW On Call Eng"
"137518","6A34544","EPW On Call Wwtr Strmwtr Lift Stations"
"137677","6A34565","EPW On Call for 24 Inch Pipelines"
"87168","6B29128","VoR Water and Sewer System Improv"
"89976","6b29446","Kolb Bioenergy WW Treatment Evaluation"
"91011","6B29565","CoC East Greene St Water System Improvements"
"93014","6B29849","Hondo Valley PSD"
"104284","6B31260","CoA Water Supply Well"
"112053","6B32096","MAT Gallerito W Sys Construction"
"125753","6B33275","Hagerman WW Sys Imp 2024"
"126761","6B33377","Roswell Air Center WW Extension"
"136095","6B34274","CESO WNM6 Septic Tank Dgn"
"135294","6B34279","ENMWUA Peer Review Value Eng"
"139858","6B34813","Melrose Water Dispensing Station"
"140461","6B34877","Town of Elida Waterline Replacement"
"142051","6B35065","Village of Dora Waterline PER"
"38546","6BL0","Water Resources"
"71125","6C27081","Jal Water Sampling and Professional Services"
"88178","6C29264","Eunice Water Sampling and Tech Svcs"
"90020","6C29464","Eunice Water Tanks PER and Design"
"105571","6C31396","Lovington Water Resources Tech Svcs"
"113941","6C32331","Hobbs CES WL Design"
"128105","6C33537","Tatum Lift Station Rehab"
"130448","6C33761","Lovington WWTF Improvements"
"132236","6C33953","Jal CES Hydraulic Model Update"
"134577","6C34223","Pecos City H20 and Sewer Line Projects 2025"
"138522","6C34665","Eunice WW DP Renewal"
"138695","6C34688","Hobbs Watco RR WL Project"
"140572","6C34896","Jal Sampling Tech Services"
"82150","6D28345","R3 JBS Greeley"
"118104","6D32789","Berkeley WSD"
"138137","6D34625","Republican River Water Conservation District"
"86509","6E29043","DOUD Subdivision App Support"
"93369","6E29912","CoC W Shaw St Sewer Imprv"
"94867","6E30111","CoC NPH Sewer Line"
"96114","6E30266","CoC Skyline and Belva Sewer Imprv"
"98288","6E30537","CoC Dark Canyon WL Crossing Imprv"
"99175","6E30642","CoC Primary Lift Station 2"
"99608","6E30671","CoC Sheeps Draw 5MG Water Tank 5"
"99873","6E30707","CoC Double Eagle WL Replacement"
"102663","6E31053","CoC UV Treatment Project"
"104876","6E31333","CoC Anaerobic Digester Rehab Project"
"107509","6E31579","CoC W Rose Street Interconnect"
"107708","6E31596","CoC Effluent Reuse Phase 5B"
"116125","6E32563","CoC WWTP Final Clarifier Effluent Holding Tank Concrete Repairs"
"116619","6E32611","CoC Spring Hollow CAV Project"
"119599","6E32938","CoC Sheeps Draw Well Field Improvements"
"122770","6E32971","CoC South Sewer Interceptor"
"124136","6E33061","CoC Tank Inspections"
"125782","6E33284","CoC Water Model Updates"
"127750","6E33492","CoC LCRR Support"
"128757","6E33604","CoC North Sewer Evaluation Update"
"130318","6E33746","CoC Tatum Wellfield WL"
"132634","6E33995","CoC Waterline Replacement"
"133716","6E34119","CoC North Canal Bridge Waterline Replacement"
"133721","6E34121","CoC Fuson Force Main"
"136032","6E34370","CoC East Plaza St Sewer Replacement"
"136959","6E34477","CoC Double Eagle WL Replacement Ph 2"
"138812","6E34702","CoC W Rose St Apartments Complex Sewer Model"
"138873","6E34713","Ellipse Global Tank Project"
"138923","6E34721","CoC Technical Assistance for Grant Programs 2025"
"140651","6E34906","CoC Maley Industrial Park Hydraulic and Sewer Analysis"
"289","7117528","COA - Oliver Street Design"
"72379","7127248","Jicarilla Apache Reconstruction of J365 Hawks Drive"
"82507","7128410","Jicarilla Apache Nation J357 Thunderbird Dr Reconst"
"140266","7134856","CES City of Aztec OHV Study"
"50257","7223748","NMDOT I-25 Exit 454 to Colorado State Line"
"59721","7225371","NMDOT US64 La Posta Rd to Camino de la Placita"
"74287","7227534","SF County Connector Road"
"92122","7229741","NMDOT NM583 Study"
"101901","7230940","CoE Fairview Ln"
"111891","7232088","Los Alamos Co OnCall Eng 2023"
"123907","7233095","NMDOT US 64 FDR Const Admin"
"131294","7233845","CoSF CES Agua Fria"
"134768","7234240","Parametrix NM22 Phase III"
"137253","7234509","Otak Santa Fe Rail Trail Seg 7 CBC Lighting Dgn"
"137693","7234567","CoLV Public Works Eng Svcs On Call 2025"
"141014","7234942","CoE Cam Miramontes"
"142102","7235074","Angel Fire NM 434 Traffic Safety Study"
"135058","7334264","ToM Calle del Sur Rdwy Recon and Sidewalks"
"93543","7429948","TOE Co Rd 7 Multi Use Trail"
"109179","7431743","Logisticus Permit Coord"
"129988","7433710","Smoke Ciggnals NM 314 Driveway Imp"
"137682","7434566","COA 2025 Citywide On Call Eng Svcs Transp Drainage"
"139190","7434747","Sandoval Cnty Eng consultant Svcs Roads 2025"
"140100","7434840","CORR Construction Management Southern Blvd Nicklaus Channel"
"140485","7434886","COA 2025 Citywide On-Call Traffic Eng"
"142047","7435067","NMDOT Statewide On-Call Traffic Counts"
"142083","7435071","NMDOT SW Traffic Count Data Collection"
"136573","7534431","Dove Creek US491 Road Diet Study"
"1300","7a0","Safford Admin"
"60384","7B25493","Mescalero Apache Tribe Eagle Creek"
"63112","7B25892","MAT IMG Bridge Replmt"
"74869","7B27619","NMDOT US60 MP 203 to 205 Torrance County"
"109392","7B31774","MAT OC Gen Eng"
"112091","7B32113","MAT M1 Nogal Rd"
"112676","7B32176","MAT Proj2 Rds"
"116396","7B32589","PlanD CoC Great Blocks"
"117501","7B32709","CoR Brasher Rd Drainage Improv"
"136042","7B34372","NMDOT OC D2GE 2025 TO00"
"139732","7B34800","NMDOT NM 612 CN 6101200 Final Plans and Ph III"
"141803","7B35035","MAT Quality Management Plan"
"142042","7B35068","Ruidoso GEC OC Brady Canyon Rd Recon"
"38589","7BL0","Transportation"
"122898","7C32988","Watco US 62 RRxing"
"140963","8134937","Capulin MDWCA AMP"
"63898","8225998","Taos WWTP Solar Project"
"88029","8229245","Orion/Bernalillo County Solar"
"92234","8229755","Espanola AM Phase 2 & 3"
"132763","8234022","Santa Ana Pueblo Community Solar"
"139469","8234771","NCNMEDD RFQ"
"108011","8331621","CoD Financial Mgmt Services Contract"
"118853","8332871","CoD Staff Augmentation for Treasurer Services"
"128807","8333609","La Luz MDWCA IT Svcs"
"130233","8333737","SWNMCOG Technical Assistance"
"130734","8333765","CoD Staff Augmentation Services"
"132050","8333932","SSW MESILLA COMP PLAN ASST"
"138858","8334709","Deming Utility Rate Analysis"
"84077","8428667","SMA Innovation"
"125626","8433265","Pblo St Domingo Funding"
"125772","8433282","ToB Asset Management Planning and GIS"
"126977","8433419","Town of Taos WWTP Solar PPA Support"
"128282","8433560","ECMD Solar For All Program"
"140248","8434855","City of Santa Rosa Production Well Solar System"
"141075","8434947","Payroc Test Project"
"61083","8a0","Grand Junction Admin"
"48425","8B23510","Carlsbad Asset Mgmt Plan"
"96871","8B30363","VoR WWTP Solar Project"
"117136","8B32668","SSW Quay County Comp Plan Asst"
"138911","8B34717","SNMEDD Consulting and Technical Services"
"139530","8B34776","CoR Fire Hydrant Asset Management Plan"
"38632","8BL0","Planning"
"74722","8C27592","Lovington Asset Management"
"94522","8C30074","Eunice Asset Mgmt Plan"
"136289","8C34404","Raftelis VoR Rate Analysis Assistance"
"138612","8D34674","Vialytics - Craig Colorado Road Master Plan"
"138035","8E34609","Carlsbad AMP Phase 5 - Bldgs and Facilities"
"122421","9114895","Health & Safety"
"712","9118562","HR Support"
"73223","9127394","Sites SW Animas North Trail Extension"
"83530","9128575","American Steel Carport 3205 Industry Drive Gallup"
"92245","9129761","Durango 2021 to 2025  Engineering On Call - This is NOW active"
"96387","9130301","COF Foothills Drive Phase III"
"102138","9130985","SSW Gateway Park Site Development"
"108721","9131699","SJ Cty Lower Animas Valley Recreational Trail"
"109314","9131763","Buffalo Design NTU Dormitory Civil Design"
"114306","9132369","SJLCI San Juan Lateral"
"126252","9133323","COF Hood Mesa Trail Drainage Const Plans"
"129356","9133663","Man Camp Site Develop Cove AZ"
"134241","9134183","Hillcorp Hammond Canal Crossing"
"135253","9134276","Bloomfield River Walk"
"135526","9134301","Bloomfield Irrigation Angostura Siphons"
"135863","9134343","42 Real Estate Distribution Ctr Site Evaluation"
"136661","9134443","Tachiinii Nursing Services Inc AZDOT Driveway Permit"
"136931","9134471","R and H SJ Water Commission Building"
"137983","9134604","United Pipeline Site Dev"
"137999","9134605","Louth Callan City of Farmington Solar Project"
"141603","9135010","UHaul Farmington Storage Units"
"142097","9135073","Pennington Blmfd Feasibility Study"
"122373","9212058","SMA Marketing"
"94765","9230066","City of Las Vegas Natural Gas System Engineering Services 2021"
"94603","9230079","Ameresco St Johns College"
"95038","9230139","CoE Cam Miramontes Drainage DGN"
"97345","9230426","COEspanola 2021 Eng On Call"
"97814","9230488","Gorlow AH Santa Fe Subdiv"
"106503","9231495","PEG Residence Inn"
"108204","9231642","Dutch Brothers Feasibility Rpt and Plans"
"109508","9231791","Colfax Cty Long Term Care Facility Site Development"
"110941","9231980","JFC Project Review"
"111135","9232001","New Energy Equity Comm Solar Projects"
"112529","9232156","CES Solar Power Consulting and Design"
"112929","9232212","IME Support Services"
"113666","9232296","PCR Energy Diamond Tail Solar"
"117810","9232749","JFC South Meadows Apt Complex"
"118756","9232860","CoSF Water Utility Energy Efficiency Improv"
"119000","9232884","NMGSD Education Building Status Site"
"123409","9233042","Maverik Raton Civil Dsgn and Const Admin"
"123449","9233050","San Mateo Condos Walls"
"123668","9233072","NM GSD AE OC 2024"
"123717","9233077","San Mateo Condos Hot Tub"
"123878","9233094","SSW Santa Fe Medians"
"125817","9233287","NMGSD DPS Statue Site"
"126306","9233330","Town of Taos WWTP Solar ESS"
"128167","9233548","Kathy Macdonald Residence"
"128390","9233570","NMGSD Forensic Lab Statue Base"
"129481","9233674","NM National Guard Civil Site Work"
"129486","9233675","Scott Gordon Retaining Wall"
"130397","9233756","Wexford Construction Espanola Subdivision"
"131119","9233823","SFCo 2024 On-Call"
"131609","9233884","Otak Arroyo Hondo Trail Segment 1"
"132292","9233959","Buffalo Dsgn Pojoaque Early Childhood Ctr"
"133168","9234063","Sentry Mgmt Turquoise Trails HOA"
"134222","9234180","SFCo 2024 OC TO-01 Ojo de La Vaca Rd Xing"
"135807","9234336","SFCo 2024 OC TO-02 Ojo de la Vaca Rd Ext"
"136225","9234397","DXD Capital Cerrillos Storage Facility"
"136733","9234455","San Ildefonso Tribal Library"
"137209","9234505","SFCo 2024 OC TO-03 Fin del Sendero Rd"
"137360","9234523","Art Varela Site Plan"
"137639","9234558","SF County Edgewood Fire Station 1"
"138049","9234613","Clayton Gen Arch Eng Svcs On Call 2025"
"138362","9234644","Dekker Pojoaque Pueblo Tribal Administration Building"
"138393","9234648","CoLV Transfer Station Expansion"
"138658","9234683","Uhaul Santa Fe Drainage Certification"
"138687","9234687","Pere Holdings Midtown Santa Fe Apartment"
"139895","9234818","Sunvista Agua Fria Business Park Drainage"
"140786","9234922","San Ildefonso Tunyo Po Bridge Rehab"
"141193","9234963","Dunlap Property Erosion"
"141268","9234975","CoLV Natural Gas System Eng Svcs 2026"
"141406","9234987","La Pradera HOA Sinkhole"
"141467","9234990","Encino Teresa Apartments"
"142116","9235076","Dupuis Property Development"
"122168","9300002","Computer Maintenance/Computer Meetings"
"122016","9300910","CADD Standards"
"59168","9325298","Montclair Master Planned Community Carlsbad"
"83255","9328528","Park Ridge Tracts 1 2 3 and 4"
"83586","9328584","Sonoma Ranch North Tract 2C Replat 7"
"84016","9328651","CLC NASA Road HP Gas"
"87347","9329159","Sierra Lobo NASA Gas Distr"
"88687","9329352","Primrose Retirement Comm Sonoma Ranch"
"92605","9329813","Johnson EBLTC Sub A Blk 10 Rpt No 1"
"92827","9329833","Pueblo Mesa Subdivision Phase 2 and 3"
"93187","9329884","Reyes Westwind Subdivision"
"93874","9330000","Jobe Thorpe Rd Civil Design"
"95557","9330204","Crosstown South Fork Moreno Arroyo"
"96516","9330314","SNS Sonoma Ranch North Ph 5"
"96521","9330315","SNS Sonoma Ranch North Ph 6"
"97116","9330393","FB Somerset Subdivision"
"97193","9330402","TDS Sierra del Sol Subdiv"
"97235","9330409","TDS Skylark Subdivision"
"99925","9330713","Chaberton Community Solar"
"100101","9330735","PBI White Sage Ph 1 Rp 6"
"101402","9330882","SNS Sonoma Ranch East II Ph 12 to 16"
"101602","9330915","VA Columbia Elementary School"
"103160","9331104","Garfield MDWCA Arrey Erosion Control"
"103594","9331165","SLI NASA Road Upgrades Ph 2"
"104289","9331261","DBat Las Cruces Facility"
"104582","9331296","WSCI Royal Crossing PUD MP Area"
"104807","9331327","CLC Structural Engr Svc 2022"
"105498","9331386","CLC Hadley PVD Field Restroom"
"105967","9331439","Springerville On Call Eng"
"106383","9331490","ASA DAC Emergency Mgmt Facility"
"106728","9331515","Tierra Hermosa MP Devlpmnt"
"108181","9331638","Three Crosses MOB II"
"108680","9331695","PDLA Replat No 12"
"111190","9332006","SLI WSTF Nat Gas Dist Sys Rplcmnt Project"
"111427","9332037","Maverik Las Cruces Civil"
"112477","9332150","DPA CLC MIH Facility Site Dvlpmnt"
"113116","9332233","Santa Teresa Gateway Rail Park Ph II"
"113487","9332270","SHG Commercial Site"
"113728","9332301","SLI WSTF 2023"
"113759","9332306","Hill Civil Site Plan"
"114270","9332366","CLC Telshor and Lohman Storm Drain Repair`"
"114628","9332405","Picacho Mtn Pcl 4 Drainage Calcs"
"115903","9332534","DAC Brahman Channel Const Svc"
"116120","9332562","Rent Garcia Mini Storage Rezone"
"117108","9332666","PPC New Energy Solar"
"117815","9332750","AH La Quinta Site Grading"
"118215","9332796","Sleeping Joseph MHP"
"118351","9332806","Upward Architects Utility Plan"
"118361","9332808","Sendero Alamo Multifamily"
"118589","9332840","SLI WSTF AE 2023"
"119035","9332887","DPA CLC Community of Hope"
"122748","9332967","DPA Boys and Girls Club"
"122877","9332984","Catron Co 2023 Eng On Call"
"123102","9333005","Maverik Clovis Civil"
"123327","9333031","PES Community Solar Vado"
"124946","9333210","CLC Civil Eng Svcs 2024"
"124951","9333212","CLC Gen Eng Svcs 2024"
"125263","9333233","ToM On Call Eng Svcs"
"125488","9333255","WSCI Royal Crossing Ph 1B"
"125551","9333262","Picacho Mtn AM Evaluation"
"126311","9333331","WalMart Civil Engineering Services"
"126402","9333344","PBI 4350 Sonoma Ranch"
"129759","9333349","Maverik Hatch Ph 2"
"126598","9333363","Theodore Pope v David Hernandez"
"126713","9333383","MDWI Lohman Medical Bldg"
"126723","9333385","WSCI Royal Crossing RT Decel Lane"
"126928","9333415","ASA JPT Ctr TF Civil Design"
"127126","9333429","ASA DAC Fire Station 12 Offsite Utilites"
"127167","9333436","DBCo 300 S Compress"
"127729","9333490","Smithco TCP On Call"
"127786","9333497","ASA Ruidoso Schools MP Civil Supt"
"128351","9333568","Rel Residence Sandia Park"
"128365","9333569","MAA NMNG Bldg Exp Civil Site Work"
"128477","9333578","GBI 170 N Roadrunner Parkway"
"128492","9333580","Hunt Santa Teresa Hanger"
"128853","9333612","PDLA Replat No 14"
"128971","9333625","Lohman Med Park Replat"
"129474","9333673","Teakwood Comm Dvlpmnt"
"129691","9333692","VoR Prof Eng Svcs for Watershed Projects"
"129918","9333708","NMGSD NMSP LC Civil Plan"
"130035","9333717","Mesa Village Drainage"
"130131","9333725","CLC On Call Code and Plan Review"
"130287","9333743","ASA White Mountain School Upgrades"
"130385","9333755","Ruidoso FEMA Housing Project"
"130826","9333784","Alamogordo WWTP Sludge Cells"
"131017","9333815","PDLA Lot 2 and 3 Interior Road Design"
"131097","9333822","DPA Branigan Library Reno"
"131156","9333829","ASA Otero Co Courthouse Civil"
"131405","9333860","ASA Ruidoso Mid School Retain Wall"
"131421","9333861","White Sage Business Pk Rp2"
"132168","9333949","DPA CLC Utilities Warehouse"
"132823","9334031","LTECA Reserve Study"
"133023","9334054","FB Sunrise Mesa Conceptual Plan"
"133261","9334067","New Mexico Border Authority"
"133276","9334069","PDLA Replat 2A3"
"133271","9334070","AF Lots 1 and 2 Feasibility Study"
"133423","9334090","NMBA Parking Lot 2"
"133503","9334094","WSCI Royal Crossing Lot 26"
"133657","9334112","PDLA Lot 3A1 Replat"
"133676","9334113","SNS Cross Creek Civil Plans"
"134162","9334174","CLC Skatepark Project"
"134269","9334185","Maverik Portales Civil"
"134338","9334191","Alamogordo SW Trans Station Imprv"
"134343","9334192","OGT Reg LF Fence Design"
"134348","9334193","ASA Alamogordo Natatorium Site Dsgn"
"134370","9334197","SND Mesa Grande Extension"
"134756","9334239","DPA Zia Drop Off Lane"
"134782","9334241","PDLA Lot 3C Replat"
"134825","9334245","DAC 2025 On Call Engineering"
"135022","9334262","SRS Stallion Army Airfield"
"135544","9334303","La Posta Site Development"
"135780","9334323","Lincoln Co On Call Svcs"
"136077","9334378","ASA Cliff School Replacement Civil"
"136144","9334384","DPA Otero Co Law Enf"
"136160","9334386","SND Metro Verde N Ph 3 Geotech"
"136165","9334387","SND Metro Square Ph 1 Geotech"
"136177","9334389","Arrowhead Cove Mesa V TCRA Eng"
"136420","9334419","Scoggins Talavera Property"
"136455","9334420","VoW Arch and Eng Svcs On Call"
"136461","9334422","DAC Fairacres Fire Station No 12"
"136696","9334447","Tashiro Crossing Master Plan"
"136701","9334448","Morrow Del Rey Commercial"
"136712","9334450","Casitas del Norte Sub Ph 2"
"136717","9334451","Casitas del Norte Sub Ph 4"
"136755","9334458","Maverik Moriarty Civil and Geotech"
"136846","9334463","ASA Hatch Food Pantry"
"137383","9334524","PBI Cross Creek Rd Lot 6B1"
"137388","9334525","PBI Cross Creek Rd Lot 6C1"
"137393","9334526","PBI Essex Ct Lot 4"
"137535","9334547","Dark Sky Telescope Bldg"
"137573","9334550","BorderPlex Prelim Geotech Investigation"
"137600","9334552","ASA Hatch Mid School Drainage"
"137595","9334553","ASA Hatch Teacherages"
"137801","9334580","SND Metro Evolution Ph 1 Geotech"
"137806","9334581","SND Metro Horizon Geotech"
"137863","9334591","VoR Rio Ruidoso Flood Ctl Structure"
"138173","9334631","GSA Hondo Combined School"
"138504","9334663","Lot 3A MV Mall Comm Dvlpmnt"
"138602","9334677","Jurado Farms Improvements"
"138822","9334703","Casitas del Norte Sub Ph 3"
"138843","9334707","Household Furniture MV Mall"
"138863","9334711","LRG 313 Paseo Real Dr"
"138896","9334719","ToM Comm Park"
"138901","9334720","DPA Mesilla Town Hall Imprv"
"139017","9334730","Dos Lagos Site Feasibility"
"139287","9334758","AutoZone Geotech Report"
"139663","9334790","KP Hobby Lobby"
"139715","9334797","WSCI Mechem Housing"
"139740","9334801","DPS 2306 S Espina"
"139747","9334802","BK 4400 E Lohman"
"139792","9334807","Cliff School Replacement Site Design"
"139816","9334809","NASA B250 Control Room Site Work"
"140054","9334832","WSCI Alamogordo Scenic Dr Median Cut"
"140626","9334904","Masson Farms of NM"
"140710","9334914","DDG RV Park"
"140764","9334920","ASA LCPS Dona Ana Elem Schl Pk Lot"
"141083","9334950","Las Cruces Sculpture Anchorage"
"141169","9334959","Logisticus Ulmorris Marshalling Yard SWPPP"
"141296","9334978","DPA 717 Organ Med Center"
"141585","9335005","MDW Rp 1 of Lot 2 TAC Subdivision"
"141591","9335007","Soledad Vista No 3 Replat 2"
"141732","9335025","DPA LCPS DA Elem School"
"141945","9335049","WDA Smith Ford Lordsburg"
"40162","9422322","GSA Schedules Development"
"51393","9423958","SMA  Company Picnic"
"65520","9426198","COA Loma Hermosa/Glenrio Flood Plain Mitigation Project"
"73641","9427449","ESOP Committee"
"73813","9427483","401K Committee"
"120146","9428279","Tribal CC Marketing"
"119644","9428280","Federal CC Marketing"
"119979","9428281","Local Govt CC Marketing"
"120336","9428282","Rural Utilities CC Marketing"
"120503","9428283","DOT CC Marketing"
"120670","9428284","State Govt CC Marketing"
"120837","9428285","Contractors CC Marketing"
"121004","9428286","A&E CC Marketing"
"121171","9428287","Private Development CC Marketing"
"121347","9428288","Oil & Gas CC Marketing"
"121515","9428289","Renewable Energy CC Marketing"
"121682","9428290","Private Other CC Marketing"
"85391","9428864","Board of Directors Management"
"87284","9429147","AMREP SW Papillion Village"
"121849","9429367","Private Telecom CC Marketing"
"94085","9430018","SMA Cultural Coordination (CCA)"
"94087","9430019","SMA Sustainability Coordination (CSA)"
"95046","9430140","Torrance Salt Mission Trail FEMA Svcs"
"102860","9431078","SNH Mariposa West"
"105612","9431400","ToE Gen Eng Svcs On Call 2022"
"105776","9431420","SMPC Bernco Fire Station"
"107882","9431601","Cooperative Education Services 2023-01 RFP"
"109103","9431735","NMGSD Carruthers Building Sewer Rehab"
"110552","9431921","Village of San Jon Pressional Engineering Services"
"116012","9432543","J and J Auctioneers Foundations"
"116415","9432591","Town of Bernalillo 2023 Engineering On Call"
"116488","9432599","CG Netflix RCP Structural Analysis"
"116547","9432605","Studio 151 Venice Volleyball Courts"
"116997","9432658","Silvino Concrete Impressions Site Develop"
"117606","9432722","Maverik Rio Comm Due Diligence"
"117645","9432726","Suina Acoma Head Start Civil Design"
"117682","9432731","Popeyes Albuquerque Civil Site Design"
"117693","9432735","Suina Santa Ana Society House"
"117748","9432743","Cochiti Road Improvements"
"118086","9432786","DPS Encino Gardens Apartments"
"118235","9432799","Suina Taos Este Subdivision"
"122696","9432960","Town of Taos Solar Proj Public Works"
"122795","9432975","Suina NHA AZ12 NM15 Scattered Sites"
"123179","9433019","SSW Pat Hurley Dog Park"
"124108","9433123","SSW Juan Tabo Hills Trail"
"125246","9433231","NTU Chinle Mobile Home Park"
"126259","9433324","Tractor Supply Comm Develop Feasibility Rpt"
"127287","9433444","CoRR Eng Design & Const Svcs 2024"
"127565","9433475","SCM Northern Meadows TIA"
"127905","9433511","New Laguna Irrigation Ditches Design Phase 1"
"128051","9433529","K'awaika Center Surveying and Engineering"
"128598","9433591","Suina Zuni Marketplace"
"128741","9433602","Castillo Prestress QSM"
"128900","9433619","Los Alamos County WWTP Basin Repair"
"129148","9433640","Sceye Building Expansion"
"129373","9433664","Jemez Ballpark Complex Engineering"
"129668","9433690","Buffalo Design Cochiti Pueblo Headstart Expansion"
"132560","9433989","Maverik Bernalillo Civil Design"
"132893","9434036","BernCo Multiaward State & Local On Call"
"132898","9434037","BernCo Multiaward Federal On Call"
"133529","9434099","Suina Tru by Hilton Gallup"
"133736","9434124","AG Solutions Shiprock Dispatch Center"
"133740","9434125","AG Solutions Kayenta Dispatch Center"
"134456","9434205","Bernco Metro Court Access Modifications"
"134504","9434211","Corona Drainage Master Plan On-Call"
"134582","9434224","SCM 4000 Broadway TIA"
"134586","9434225","SCM Idalia and 528 TIA"
"134667","9434228","Synergen Solar Community Solar Projects"
"134796","9434244","PGAL Los Alamos Development"
"134955","9434254","Socorro On-Call Eng Svcs 2025"
"135091","9434268","Suina Design ZHA RV Park"
"135095","9434269","Suina Design ZHA Demo Rebuild 22 Units"
"135350","9434286","Los Ranchos 2025 On-Call A and E Svcs"
"135474","9434293","Tekin Associates Demo and Const of Hote"
"135851","9434342","SSCAFCA Honduras Area Flood Reduction"
"135916","9434351","Bernalillo Development Reviews"
"135924","9434353","Dekker Pojoaque Community Center"
"136362","9434414","FPAI Picuris Pueblo Pavilions"
"136893","9434465","CoRR Eng Design Const Svcs 2024 TO01 Const Obs Various"
"138007","9434598","OE Solar Santa Ana Pueblo Solar Project"
"138064","9434614","Dominguez Law Office Drainage"
"138128","9434624","PPC Solar Santa Ana Pueblo Solar Project"
"138955","9434718","CVE Group Solar Project"
"139075","9434734","Corona Sloan Park Improvements"
"139347","9434762","Laguna Pueblo On-Call Eng Svcs 2025"
"139638","9434786","SDV Warehouse Expansion"
"139651","9434788","AHEPA Bluewater Senior Living"
"139699","9434793","Village of Logan On-Call Engineering 2025"
"139687","9434795","Los Ranchos Flooding Evaluation"
"139771","9434805","Village of Corona Library Retaining Wall"
"139843","9434812","Pueblo of Isleta IDIQ 2025"
"140550","9434892","DESRI Bernalillo Solar Project"
"140577","9434897","Safety First bAI Solar BESS Project"
"140596","9434899","Olivas Utility and Fire Plan"
"141686","9435018","Maloy Iliff Property Site Plan"
"141989","9435056","Santa Rosa Blue Hole"
"142136","9435078","Suina ZHA Bluebird Phase V"
"132711","9534013","UMUT Rodeo Drive Housing Develop Towaoc"
"133538","9534096","Durango 2024 & 2025 On-Call"
"134663","9534229","UMUT Level 2 Traffic Study"
"138294","9534641","Lewis Property Adjacent Development Evaluation"
"140699","9534912","UMUT Towaoc Stormwater Management"
"93288","9729903","City of Bisbee Retaining Wall Design"
"127367","9733454","ASCU Thatcher Site Design"
"135236","9734273","CGDC Tractor Supply Outparcel Holbrook"
"136491","9734425","Tractor Supply Comm Dvlpmnt Yavapai AZ"
"136617","9734435","Tractor Supply Comm Dvlpmnt Taylor AZ"
"141040","9734938","City of Wilcox Master Plan"
"142146","9735080","ABC Wilcox Mobile Home"
"70098","9A26896","Enchanted Hills Unit 3 Subdivision"
"87239","9A29141","Impact CBP Alpine Air Unit"
"104537","9A31290","SLI Residencias del Cielo Subdivision"
"118209","9A32784","FMI Fountains at Farah CMP Repair"
"118270","9A32802","GDJS Fountains at Farah Legal"
"118333","9A32803","Dal Tile El Paso"
"130190","9A33734","Waketon Rd Const Drawings"
"131936","9A33918","Canutillo ISD Civil On Call"
"132151","9A33946","El Paso Public Safety Global Reach"
"133364","9A34082","United Supermarkets Seminole TX"
"134027","9A34159","El Paso Water On Call SUE"
"134742","9A34237","EPC Civil Eng On Call 2025"
"136082","9A34379","WSCI Wounded Warrriors GD"
"100540","9B30771","San Patricio Comm Ditch Improv"
"106265","9B31473","HFS Artesia 26th 13th St Trl"
"110664","9B31941","ASA Chaves Co Public Health Bldg"
"112898","9B32204","CoA A-E Services On-Call 2023"
"113239","9B32250","CoP Engineering and Architectural Svcs 2023"
"113953","9B32333","Roswell COTM Park"
"116384","9B32588","UFO RV Park"
"116509","9B32602","EAB Leprino Roswell DAF"
"119149","9B32905","Belcher RV Park Civil Engineer Works"
"122601","9B32950","VA 4988 Tucumcari Shop and Storage Replacement"
"122606","9B32951","VA 4984 NMSU Artesia ACS Main Office Building Replacement"
"127858","9B33504","Legacy Safety Sceye Platform"
"129329","9B33660","City of Roswell On-Call 2024"
"132173","9B33950","Dutch Bros Main St Roswell"
"132697","9B34009","Village of Corona On-Call 2024"
"137829","9B34583","ASA Roswell Readiness Center Renovation Grading and Drainage Plan"
"139474","9B34772","ENMMC Drainage"
"141854","9B35044","Roswell Flood Repairs"
"38678","9BL0","Civil Engineering"
"87480","9C29176","Eunice City Subdivision"
"111248","9C32017","Fernando Solar Hobbs RV Park"
"111615","9C32052","Albertsons Lovington PSER PBER Rpt"
"114415","9C32377","Albertsons Andrews Texas SIR"
"115066","9C32451","La Macchia Group Hobbs Commercial Bldg"
"127296","9C33446","MWS Lea Co PSTC Ph 1"
"128370","9C33565","Eunice Golf Course Subdivision"
"130312","9C33747","Pecos City Engineering On-Call 2024"
"131766","9C33905","SVC Goings Ln Mobile Home Park"
"132668","9C33999","Pland Collaborative Hobbs Shipp Plaza"
"134590","9C34226","City of Hobbs Fire Training Facility"
"141749","9C35027","Maverik Hobbs Civil and Geotech"
"142093","9C35072","GPG E Stanolind RV Park"
"98060","9D30518","Rapid Wire Projects"
"110168","9D31877","Rapid Wire Comcast Arvada 2022"
"113552","9D32277","Rapid Wire Grandview Estates"
"113559","9D32279","Rapid Wire Weld County 2023"
"141185","9D34961","City of Arvada On Call Eng Serv"
"82653","9E28423","DOUD BTS 17 Lot Subdivision"
"100026","9E30727","Montclair 145 Lot Subdiv"
"101327","9E30867","Carlston Drive Improvements Phase I"
"107427","9E31572","Orla TX RV Park"
"112096","9E32114","Maverik Carlsbad Civil"
"124727","9E33182","Mewborne Oil Easement"
"125268","9E33235","Carlston Ranch Bulk Plat Sum Rpt 3"
"125545","9E33261","WDC 1904 E Orchard Lane Carlsbad"
"131151","9E33830","CoC NMCD Adult Prob and Parole Div GD Rvw"
"132327","9E33964","CoC On-Call Engineering and Surveying"
"136449","9E34421","Stubbs Engineering Loving NM Civil Site Plan"
"138162","9E34629","Carlsbad OReillys Auto Parts G and D Review"
"138194","9E34637","Carlsbad Klein Subdivision G and D Review"
"139525","9E34775","Corgan Carlbad Campus Development"
"139752","9E34803","Eddy Co Sandpoint Landfill"
"139878","9E34817","JF Furniture Store"
"139971","9E34827","CoC River View Apartments G and D Review"
"140225","9E34853","CoC Flumes Subdivision 2025 Unit 1 Prelim Const DWG G and D Review"
"140448","9E34882","DEC 5309 Buena Vista Drive Carlsbad"
"140831","9E34927","Carlston Ranch Summary Bulk Replat 5"
"141101","9E34954","CoC Tract A Chesterfield Acres Const DWG"
"141345","9E34982","CoC Whataburger Grading and Drainage Review"
"141349","9E34983","CoC CMS Teacherage Subdivision"
"141596","9E35008","CoC Kircher St Attainable Housing Subdivision"
"79406","CBa0","Carlsbad Admin"
"53559","DCa0","Denver (Arvada) Admin"
"40914","EPa0","El Paso Admin"
"48380","HBa0","Hobbs Admin"
"135069","MSubAs","Master Subcontractor Agreements"
"38220","NNa0","Navajo Nation Admin"
"40876","RSa0","Roswell Admin"
"33559","Xa0","Xa0 General Overhead"